-- phpMyAdmin SQL Dump
-- version 4.9.0.1
-- https://www.phpmyadmin.net/
--
-- Host: sql308.byetcluster.com
-- Generation Time: May 22, 2026 at 02:20 AM
-- Server version: 11.4.10-MariaDB
-- PHP Version: 7.2.22

SET SQL_MODE = "NO_AUTO_VALUE_ON_ZERO";
SET AUTOCOMMIT = 0;
START TRANSACTION;
SET time_zone = "+00:00";


/*!40101 SET @OLD_CHARACTER_SET_CLIENT=@@CHARACTER_SET_CLIENT */;
/*!40101 SET @OLD_CHARACTER_SET_RESULTS=@@CHARACTER_SET_RESULTS */;
/*!40101 SET @OLD_COLLATION_CONNECTION=@@COLLATION_CONNECTION */;
/*!40101 SET NAMES utf8mb4 */;

--
-- Database: `if0_41735561_qat_erp`
--

-- --------------------------------------------------------

--
-- Table structure for table `advertisements`
--

CREATE TABLE `advertisements` (
  `id` int(11) NOT NULL,
  `client_name` varchar(255) NOT NULL,
  `title` varchar(255) NOT NULL,
  `description` text DEFAULT NULL,
  `image_url` text DEFAULT NULL,
  `link_url` text DEFAULT NULL,
  `status` enum('Active','Inactive') DEFAULT 'Active',
  `created_at` timestamp NOT NULL DEFAULT current_timestamp(),
  `media_path` varchar(255) DEFAULT NULL
) ENGINE=InnoDB DEFAULT CHARSET=utf8mb4 COLLATE=utf8mb4_unicode_ci;

-- --------------------------------------------------------

--
-- Table structure for table `attendance`
--

CREATE TABLE `attendance` (
  `id` int(11) NOT NULL
) ENGINE=InnoDB DEFAULT CHARSET=utf8mb4 COLLATE=utf8mb4_general_ci;

-- --------------------------------------------------------

--
-- Table structure for table `closed_shifts`
--

CREATE TABLE `closed_shifts` (
  `id` int(11) NOT NULL,
  `closing_date` date NOT NULL,
  `closed_by` int(11) DEFAULT NULL,
  `created_at` timestamp NOT NULL DEFAULT current_timestamp()
) ENGINE=InnoDB DEFAULT CHARSET=utf8mb4 COLLATE=utf8mb4_general_ci;

--
-- Dumping data for table `closed_shifts`
--

INSERT INTO `closed_shifts` (`id`, `closing_date`, `closed_by`, `created_at`) VALUES
(1, '2026-05-12', 32, '2026-05-11 21:54:49');

-- --------------------------------------------------------

--
-- Table structure for table `customers`
--

CREATE TABLE `customers` (
  `id` int(11) NOT NULL,
  `name` varchar(100) NOT NULL,
  `phone` varchar(20) DEFAULT NULL,
  `opening_balance` decimal(15,2) DEFAULT 0.00,
  `paid_opening_balance` decimal(15,2) DEFAULT 0.00,
  `total_debt` decimal(10,2) DEFAULT 0.00,
  `debt_limit` decimal(10,2) DEFAULT 0.00,
  `created_at` timestamp NOT NULL DEFAULT current_timestamp(),
  `is_deleted` tinyint(1) DEFAULT 0,
  `created_by` int(11) DEFAULT NULL
) ENGINE=InnoDB DEFAULT CHARSET=utf8mb4 COLLATE=utf8mb4_general_ci;

--
-- Dumping data for table `customers`
--

INSERT INTO `customers` (`id`, `name`, `phone`, `opening_balance`, `paid_opening_balance`, `total_debt`, `debt_limit`, `created_at`, `is_deleted`, `created_by`) VALUES
(1, 'محمد بكيل', '783011111', '0.00', '0.00', '703000.00', NULL, '2026-05-12 15:05:40', 0, NULL),
(2, 'عبدالرحمن الحذيفي', '771635082', '0.00', '0.00', '36000.00', NULL, '2026-05-12 15:07:48', 0, NULL),
(3, 'حمير النعمي', '778861663', '0.00', '0.00', '269000.00', NULL, '2026-05-12 15:12:01', 0, NULL),
(4, 'زبون', '775065459', '0.00', '0.00', '0.00', NULL, '2026-05-12 15:13:26', 0, NULL),
(5, 'عبدالرحمن نهشل', '16463791523', '0.00', '0.00', '598000.00', NULL, '2026-05-12 15:14:48', 0, NULL),
(6, 'سليم الفقيه', '774050712', '0.00', '0.00', '75000.00', NULL, '2026-05-12 15:15:45', 0, NULL),
(7, 'قاهره', '780633334', '0.00', '0.00', '0.00', NULL, '2026-05-12 15:17:14', 0, NULL),
(8, 'عبدالرحمن السمان', '775622735', '0.00', '0.00', '12000.00', NULL, '2026-05-12 15:18:16', 0, NULL),
(9, 'ابو علي الشعيبي', '773775775', '0.00', '0.00', '0.00', NULL, '2026-05-12 15:21:16', 1, NULL),
(10, 'يحيى حمزه', '781993960', '0.00', '0.00', '0.00', NULL, '2026-05-12 15:22:00', 1, NULL),
(11, 'عماد الغولي', '777057025', '0.00', '0.00', '0.00', NULL, '2026-05-12 15:22:42', 1, NULL),
(12, 'رشاد ناجي عقلان', '777738277', '0.00', '0.00', '0.00', NULL, '2026-05-12 15:24:20', 1, NULL),
(13, 'ابو علي الشعيبي', '773775775', '0.00', '0.00', '132064.00', NULL, '2026-05-12 15:28:14', 0, NULL),
(14, 'يحيى حمزه', '781993960', '0.00', '0.00', '250000.00', NULL, '2026-05-12 15:30:32', 0, NULL),
(15, 'رشاد ناجي عقلان', '777738277', '0.00', '0.00', '0.00', NULL, '2026-05-12 15:32:37', 0, NULL),
(16, 'محمدالشيخ', '771531356', '0.00', '0.00', '0.00', NULL, '2026-05-12 15:40:07', 0, NULL),
(17, 'عماد الغولي', '777057025', '0.00', '0.00', '226000.00', NULL, '2026-05-12 16:00:49', 0, NULL),
(18, 'علاء سديح', '770805914', '0.00', '0.00', '23000.00', NULL, '2026-05-12 16:02:31', 0, NULL),
(19, 'علي الديلم', '771119610', '0.00', '0.00', '180000.00', NULL, '2026-05-12 16:18:42', 0, NULL),
(20, 'سام الديلم', '775011381', '0.00', '0.00', '155000.00', NULL, '2026-05-12 16:19:17', 0, NULL),
(21, 'معتصم الطيري', '782855594', '0.00', '0.00', '210000.00', NULL, '2026-05-12 16:20:24', 0, NULL),
(22, 'رضوان العشملي', '785062339', '0.00', '0.00', '205000.00', NULL, '2026-05-12 16:21:23', 0, NULL),
(23, 'عبدالله النهاري', '700555281', '0.00', '0.00', '0.00', NULL, '2026-05-12 17:00:21', 0, NULL),
(24, 'محمد شهبين', '782588387', '0.00', '0.00', '8000.00', NULL, '2026-05-12 17:19:42', 0, NULL),
(25, 'رياض البعني', '772552651', '0.00', '0.00', '50000.00', NULL, '2026-05-12 17:21:19', 0, NULL),
(26, 'ايمن العيني', '777233867', '0.00', '0.00', '7000.00', NULL, '2026-05-12 18:36:00', 0, NULL),
(27, 'العباس', '773681530', '0.00', '0.00', '8000.00', NULL, '2026-05-12 18:36:52', 0, NULL),
(28, 'عبدالله هايل', '778894899', '0.00', '0.00', '17000.00', NULL, '2026-05-12 18:37:50', 0, NULL),
(29, 'ريان التضامن', '773282930', '0.00', '0.00', '9000.00', NULL, '2026-05-12 18:39:48', 0, NULL),
(30, 'عبدالعزيز الشعيبي', '772774773', '0.00', '0.00', '70000.00', NULL, '2026-05-12 18:40:52', 0, NULL),
(31, 'ياسين عيضه', '771233433', '0.00', '0.00', '56000.00', NULL, '2026-05-12 18:41:58', 0, NULL),
(32, 'اصيل المحن', '778077668', '0.00', '0.00', '0.00', NULL, '2026-05-12 18:42:54', 0, NULL),
(33, 'عبدالقادر حمزه العديني', '775520613', '0.00', '0.00', '35000.00', NULL, '2026-05-13 17:36:32', 0, NULL),
(34, 'محمد النمر', '784977824', '0.00', '0.00', '3000.00', NULL, '2026-05-13 17:57:56', 0, NULL),
(35, 'عصام الحذيفي', '737171724', '0.00', '0.00', '32000.00', NULL, '2026-05-13 18:02:49', 0, NULL),
(36, 'المقداد', '781944911', '0.00', '0.00', '114000.00', NULL, '2026-05-13 18:05:01', 0, NULL),
(37, 'مختار البعداني', '773770140', '0.00', '0.00', '38000.00', NULL, '2026-05-13 18:10:09', 0, NULL),
(38, 'مختار الخزاعي', '783426662', '0.00', '0.00', '98000.00', NULL, '2026-05-13 18:11:51', 0, NULL),
(39, 'عادل المجيدي', NULL, '0.00', '0.00', '18000.00', NULL, '2026-05-13 19:55:18', 0, NULL),
(40, 'حمزه الرفاعي', '774442771', '0.00', '0.00', '5000.00', NULL, '2026-05-13 19:57:15', 0, NULL),
(41, 'يوسف نعمان', '783236145', '0.00', '0.00', '20000.00', NULL, '2026-05-14 15:04:00', 0, NULL),
(42, 'مالك نهشل', '783666799', '0.00', '0.00', '168000.00', NULL, '2026-05-14 15:08:00', 0, NULL),
(43, 'منذر البعني', '780531161', '0.00', '0.00', '35000.00', NULL, '2026-05-14 15:13:45', 0, NULL),
(44, 'باز الحربي', '782366049', '0.00', '0.00', '90000.00', NULL, '2026-05-14 15:47:55', 0, NULL),
(45, 'ابراهيم الحربي', '776814665', '0.00', '0.00', '61400.00', NULL, '2026-05-14 15:49:11', 0, NULL),
(46, 'رائد الحربي', '18382658129', '0.00', '0.00', '15000.00', NULL, '2026-05-14 15:51:11', 0, NULL),
(47, 'عبدالرحمن النمر', '782511481', '0.00', '0.00', '5000.00', NULL, '2026-05-14 15:56:33', 0, NULL),
(48, 'حمدي الحرب', '774258364', '0.00', '0.00', '40000.00', NULL, '2026-05-14 15:58:23', 0, NULL),
(49, 'عبية غازي', '13478747000', '0.00', '0.00', '100000.00', NULL, '2026-05-14 19:49:31', 0, NULL),
(50, 'عبدالرحيم الحوري', '773152220', '0.00', '0.00', '0.00', NULL, '2026-05-14 19:50:58', 0, NULL),
(51, 'يونس سعيد عدن', '224625857527', '0.00', '0.00', '0.00', NULL, '2026-05-14 20:04:01', 0, NULL),
(52, 'محمد فيصل المجيدي مضياف العرب', NULL, '0.00', '0.00', '0.00', NULL, '2026-05-14 21:42:06', 0, NULL),
(53, 'اصيل الفهد', '776048877', '0.00', '0.00', '0.00', NULL, '2026-05-17 09:45:39', 0, NULL),
(54, 'محمود الشعيبي', '773778779', '0.00', '0.00', '110000.00', NULL, '2026-05-17 13:01:21', 0, NULL),
(55, 'محمد جمال', '782217724', '0.00', '0.00', '60000.00', NULL, '2026-05-17 13:04:32', 0, NULL),
(56, 'محمد زين', '713950385', '0.00', '0.00', '46000.00', NULL, '2026-05-17 13:06:46', 0, NULL),
(57, 'زايد صلاح', '74563265136', '0.00', '0.00', '220000.00', NULL, '2026-05-20 21:12:17', 0, NULL),
(58, 'محمد الحسني', '745663265136', '0.00', '0.00', '0.00', NULL, '2026-05-20 21:19:37', 0, NULL),
(59, 'علوي', '777055558', '0.00', '0.00', '64000.00', NULL, '2026-05-21 22:38:29', 0, NULL),
(60, 'محمد تاج سباء', '771788766', '0.00', '0.00', '12000.00', NULL, '2026-05-21 22:40:57', 0, NULL);

-- --------------------------------------------------------

--
-- Table structure for table `expenses`
--

CREATE TABLE `expenses` (
  `id` int(11) NOT NULL,
  `expense_date` date DEFAULT curdate(),
  `description` varchar(255) NOT NULL,
  `amount` decimal(10,2) NOT NULL,
  `payment_method` enum('Cash','Transfer') DEFAULT 'Cash',
  `category` varchar(100) NOT NULL,
  `staff_id` int(11) DEFAULT NULL,
  `provider_id` int(11) DEFAULT NULL,
  `created_at` timestamp NOT NULL DEFAULT current_timestamp(),
  `created_by` int(11) DEFAULT NULL
) ENGINE=InnoDB DEFAULT CHARSET=utf8mb4 COLLATE=utf8mb4_general_ci;

--
-- Dumping data for table `expenses`
--

INSERT INTO `expenses` (`id`, `expense_date`, `description`, `amount`, `payment_method`, `category`, `staff_id`, `provider_id`, `created_at`, `created_by`) VALUES
(1, '2026-05-11', 'باقة سبأفون للمصلح', '1500.00', 'Cash', 'أخرى', NULL, NULL, '2026-05-11 20:32:57', 31),
(2, '2026-05-11', 'عمولة حوالة 300الف وحولة 700الف الأحد ', '1500.00', 'Cash', 'أخرى', NULL, NULL, '2026-05-11 20:33:49', 31),
(3, '2026-05-11', 'عموله حوالة مليون  1500', '1500.00', 'Cash', 'أخرى', NULL, NULL, '2026-05-11 20:34:48', 31),
(4, '2026-05-11', 'غداء وماء الأحد ', '6500.00', 'Cash', 'تغذية', NULL, NULL, '2026-05-11 20:35:09', 31),
(5, '2026-05-11', 'غداء السبت الذي نسيت ادخله يوم السبت ', '6000.00', 'Cash', 'تغذية', NULL, NULL, '2026-05-11 20:35:38', 31),
(6, '2026-05-11', 'بترول الأحد السيارة والمتر', '16000.00', 'Cash', 'نقل', NULL, NULL, '2026-05-11 20:36:34', 31),
(7, '2026-05-11', 'عشاء ', '4000.00', 'Cash', 'تغذية', NULL, NULL, '2026-05-11 20:36:54', 31),
(8, '2026-05-11', 'علاقي', '500.00', 'Cash', 'أخرى', NULL, NULL, '2026-05-11 20:37:21', 31),
(9, '2026-05-11', 'عطر ', '7000.00', 'Cash', 'أخرى', NULL, NULL, '2026-05-11 20:37:36', 31),
(10, '2026-05-11', 'فاين', '3000.00', 'Cash', 'أخرى', NULL, NULL, '2026-05-11 20:37:57', 31),
(11, '2026-05-11', 'ماء الليل ', '1400.00', 'Cash', 'ماء', NULL, NULL, '2026-05-11 20:38:21', 31),
(12, '2026-05-11', 'صبوح وثلج', '2300.00', 'Cash', 'تغذية', NULL, NULL, '2026-05-11 20:38:42', 31),
(13, '2026-05-11', 'غداء ', '5500.00', 'Cash', 'تغذية', NULL, NULL, '2026-05-11 20:38:59', 31),
(14, '2026-05-11', 'ماء الظهر ', '1000.00', 'Cash', 'ماء', NULL, NULL, '2026-05-11 20:39:20', 31),
(15, '2026-05-11', 'بترول للمتر ', '1000.00', 'Cash', 'أخرى', NULL, NULL, '2026-05-11 20:39:35', 31),
(17, '2026-05-11', 'بنشر ', '1000.00', 'Cash', 'أخرى', NULL, NULL, '2026-05-11 20:40:11', 31),
(18, '2026-05-11', 'تغيير زيت التروس للسياره وتشحيم', '9000.00', 'Cash', 'أخرى', NULL, NULL, '2026-05-11 20:41:34', 31),
(19, '2026-05-11', 'باقة سبأفون لصدام', '1300.00', 'Cash', 'أخرى', NULL, NULL, '2026-05-11 20:42:14', 31),
(20, '2026-05-11', 'سيارة امين ', '25000.00', 'Cash', 'نقل', NULL, NULL, '2026-05-11 20:42:42', 31),
(21, '2026-05-11', 'عمال 4', '12000.00', 'Cash', 'أخرى', NULL, NULL, '2026-05-11 20:43:05', 31),
(23, '2026-05-12', '', '365000.00', 'Cash', 'تسديد مورد', NULL, 2, '2026-05-12 12:41:49', 32),
(24, '2026-05-12', '', '4000.00', 'Cash', 'تسديد مورد', NULL, 2, '2026-05-12 12:45:06', 32),
(25, '2026-05-12', '', '4500.00', 'Cash', 'إيجار', NULL, NULL, '2026-05-12 20:11:18', 32),
(26, '2026-05-12', '', '8000.00', 'Cash', 'تغذية', NULL, NULL, '2026-05-12 20:12:28', 32),
(27, '2026-05-12', 'استيفاء', '3000.00', 'Cash', 'أخرى', NULL, NULL, '2026-05-12 20:12:48', 32),
(28, '2026-05-12', 'عبدالله ', '15000.00', 'Cash', 'Staff', NULL, NULL, '2026-05-12 20:13:28', 32),
(29, '2026-05-12', 'علي امين', '5000.00', 'Cash', 'Staff', NULL, NULL, '2026-05-12 20:13:44', 32),
(30, '2026-05-12', 'محمود', '5000.00', 'Cash', 'Staff', NULL, NULL, '2026-05-12 20:14:04', 32),
(31, '2026-05-12', 'عمار', '4000.00', 'Cash', 'Staff', NULL, NULL, '2026-05-12 20:14:34', 32),
(32, '2026-05-12', 'عبده الابيض', '5000.00', 'Cash', 'Staff', NULL, NULL, '2026-05-12 20:14:52', 32),
(33, '2026-05-12', 'علاقي ودعايات وحمام', '5000.00', 'Cash', 'أخرى', NULL, NULL, '2026-05-12 20:15:23', 32),
(34, '2026-05-12', 'بقاله', '3000.00', 'Cash', 'أخرى', NULL, NULL, '2026-05-12 20:16:44', 32),
(35, '2026-05-12', 'القادري وبن فارع وماجد', '45000.00', 'Cash', 'Staff', NULL, NULL, '2026-05-12 20:17:18', 32),
(36, '2026-05-12', 'ضريبه', '30000.00', 'Cash', 'أخرى', NULL, NULL, '2026-05-12 20:17:43', 32),
(37, '2026-05-12', 'موترات ', '6000.00', 'Cash', 'نقل', NULL, NULL, '2026-05-12 20:20:11', 32),
(38, '2026-05-12', 'فاين', '1000.00', 'Cash', 'أخرى', NULL, NULL, '2026-05-12 20:20:30', 32),
(39, '2026-05-12', 'غداء ', '7000.00', 'Cash', 'تغذية', NULL, NULL, '2026-05-12 20:35:23', 31),
(40, '2026-05-12', 'صدقة', '1100.00', 'Cash', 'أخرى', NULL, NULL, '2026-05-12 20:35:51', 31),
(41, '2026-05-12', 'بترول ', '9500.00', 'Cash', 'أخرى', NULL, NULL, '2026-05-12 20:36:41', 31),
(42, '2026-05-12', 'عشاء ', '4500.00', 'Cash', 'تغذية', NULL, NULL, '2026-05-12 20:37:14', 31),
(43, '2026-05-12', 'ماء الليل ', '1400.00', 'Cash', 'ماء', NULL, NULL, '2026-05-12 20:37:34', 31),
(44, '2026-05-12', 'مغسله ماجد ', '1500.00', 'Cash', 'أخرى', NULL, NULL, '2026-05-12 20:37:50', 31),
(45, '2026-05-12', 'ثلج', '1000.00', 'Cash', 'أخرى', NULL, NULL, '2026-05-12 20:38:05', 31),
(46, '2026-05-12', 'صبوح ', '2500.00', 'Cash', 'تغذية', NULL, NULL, '2026-05-12 20:38:18', 31),
(47, '2026-05-12', 'عمال 4+ذياب ', '22000.00', 'Cash', 'أخرى', NULL, NULL, '2026-05-12 20:38:52', 31),
(48, '2026-05-12', 'سيارة امين ', '25000.00', 'Cash', 'نقل', NULL, NULL, '2026-05-12 20:39:20', 31),
(49, '2026-05-12', '2مساعدات قدام وكالة للسياره مع حساب المهندس', '43600.00', 'Cash', 'أخرى', NULL, NULL, '2026-05-12 20:40:00', 31),
(50, '2026-05-13', 'عشاء ', '3500.00', 'Cash', 'تغذية', NULL, NULL, '2026-05-13 18:53:35', 31),
(51, '2026-05-13', 'بترول ', '9500.00', 'Cash', 'أخرى', NULL, NULL, '2026-05-13 18:54:21', 31),
(52, '2026-05-13', 'عمولة استلام 1000 وعمولة ارسال 750', '1750.00', 'Cash', 'أخرى', NULL, NULL, '2026-05-13 18:55:50', 31),
(53, '2026-05-13', '', '4500.00', 'Cash', 'إيجار', NULL, NULL, '2026-05-13 18:56:02', 32),
(54, '2026-05-13', 'ماء الليل ', '1300.00', 'Cash', 'ماء', NULL, NULL, '2026-05-13 18:56:15', 31),
(55, '2026-05-13', 'استيفاء', '3000.00', 'Cash', 'أخرى', NULL, NULL, '2026-05-13 18:56:20', 32),
(56, '2026-05-13', 'بقاله', '3000.00', 'Cash', 'أخرى', NULL, NULL, '2026-05-13 18:56:32', 32),
(57, '2026-05-13', 'ثلج وماء لحقه', '1200.00', 'Cash', 'أخرى', NULL, NULL, '2026-05-13 18:56:49', 31),
(58, '2026-05-13', '', '8000.00', 'Cash', 'تغذية', NULL, NULL, '2026-05-13 18:57:00', 32),
(59, '2026-05-13', 'صبوح ', '2500.00', 'Cash', 'تغذية', NULL, NULL, '2026-05-13 18:57:08', 31),
(60, '2026-05-13', 'غداء ', '7500.00', 'Cash', 'تغذية', NULL, NULL, '2026-05-13 18:57:35', 31),
(61, '2026-05-13', 'ماء الظهر ', '1000.00', 'Cash', 'ماء', NULL, NULL, '2026-05-13 18:57:52', 31),
(62, '2026-05-13', 'علاقي ودعايات وحمام', '4000.00', 'Cash', 'أخرى', NULL, NULL, '2026-05-13 18:57:52', 32),
(63, '2026-05-13', 'ماجد ', '1000.00', 'Cash', 'أخرى', NULL, NULL, '2026-05-13 18:58:22', 31),
(64, '2026-05-13', 'علاقي ', '300.00', 'Cash', 'أخرى', NULL, NULL, '2026-05-13 18:58:40', 31),
(65, '2026-05-13', 'عمولة حوالة خرج ', '400.00', 'Cash', 'أخرى', NULL, NULL, '2026-05-13 18:58:59', 31),
(66, '2026-05-13', 'سيارة امين ', '25000.00', 'Cash', 'نقل', NULL, NULL, '2026-05-13 18:59:26', 31),
(67, '2026-05-13', 'عمال', '12000.00', 'Cash', 'أخرى', NULL, NULL, '2026-05-13 18:59:40', 31),
(68, '2026-05-13', 'ذياب النظاري', '10000.00', 'Cash', 'أخرى', NULL, NULL, '2026-05-13 19:00:02', 31),
(69, '2026-05-13', 'تصلوح الكليش حق السيارة ', '2000.00', 'Cash', 'أخرى', NULL, NULL, '2026-05-13 19:00:30', 31),
(70, '2026-05-13', 'باقة نت سبأفون محمد فارع ', '2000.00', 'Cash', 'أخرى', NULL, NULL, '2026-05-13 19:01:27', 31),
(71, '2026-05-13', 'عبدالله', '15000.00', 'Cash', 'Staff', NULL, NULL, '2026-05-13 19:02:52', 32),
(72, '2026-05-13', 'علي ', '5000.00', 'Cash', 'Staff', NULL, NULL, '2026-05-13 19:03:20', 32),
(73, '2026-05-13', 'محمود', '5000.00', 'Cash', 'Staff', NULL, NULL, '2026-05-13 19:03:39', 32),
(74, '2026-05-13', 'الابيض', '5000.00', 'Cash', 'Staff', NULL, NULL, '2026-05-13 19:03:53', 32),
(75, '2026-05-13', 'عمار', '4000.00', 'Cash', 'Staff', NULL, NULL, '2026-05-13 19:04:09', 32),
(76, '2026-05-13', 'القادري وبن فارع وماجد', '45000.00', 'Cash', 'Staff', NULL, NULL, '2026-05-13 19:04:47', 32),
(77, '2026-05-13', 'ايجار دكان الظهار', '20000.00', 'Cash', 'إيجار', NULL, NULL, '2026-05-13 19:05:06', 32),
(78, '2026-05-13', 'ضريبه', '30000.00', 'Cash', 'أخرى', NULL, NULL, '2026-05-13 19:06:30', 32),
(79, '2026-05-13', 'موترات ', '3500.00', 'Cash', 'نقل', NULL, NULL, '2026-05-13 19:11:39', 32),
(80, '2026-05-13', 'نثريات', '1000.00', 'Cash', 'إيجار', NULL, NULL, '2026-05-13 19:12:02', 32),
(81, '2026-05-14', 'غداء مع غداء ماجد ', '7000.00', 'Cash', 'تغذية', NULL, NULL, '2026-05-14 20:09:20', 31),
(82, '2026-05-14', 'بترول ', '10000.00', 'Cash', 'أخرى', NULL, NULL, '2026-05-14 20:09:50', 31),
(83, '2026-05-14', 'بترول ', '10000.00', 'Cash', 'أخرى', NULL, NULL, '2026-05-14 20:09:54', 31),
(84, '2026-05-14', 'عشاء ', '3000.00', 'Cash', 'تغذية', NULL, NULL, '2026-05-14 20:10:26', 31),
(85, '2026-05-14', 'ماء وعلاقي', '1800.00', 'Cash', 'أخرى', NULL, NULL, '2026-05-14 20:10:51', 31),
(86, '2026-05-14', 'فاين', '1400.00', 'Cash', 'أخرى', NULL, NULL, '2026-05-14 20:11:12', 31),
(87, '2026-05-14', 'ثلج', '1200.00', 'Cash', 'أخرى', NULL, NULL, '2026-05-14 20:11:30', 31),
(88, '2026-05-14', 'صبوح ', '2300.00', 'Cash', 'تغذية', NULL, NULL, '2026-05-14 20:11:46', 31),
(89, '2026-05-14', 'كراء قات عدن', '2000.00', 'Cash', 'نقل', NULL, NULL, '2026-05-14 20:12:07', 31),
(90, '2026-05-14', 'ماء وشعير ', '1500.00', 'Cash', 'أخرى', NULL, NULL, '2026-05-14 20:12:40', 31),
(91, '2026-05-14', 'مغسله ', '1500.00', 'Cash', 'أخرى', NULL, NULL, '2026-05-14 20:14:35', 31),
(92, '2026-05-14', 'حلاقه محمد فارع ', '1000.00', 'Cash', 'أخرى', NULL, NULL, '2026-05-14 20:14:53', 31),
(93, '2026-05-14', 'عشاء ماجد ', '500.00', 'Cash', 'أخرى', NULL, NULL, '2026-05-14 20:15:22', 31),
(94, '2026-05-14', 'غداء وصبوح للعمال ليوم الجمعه', '7000.00', 'Cash', 'تغذية', NULL, NULL, '2026-05-14 20:15:50', 31),
(95, '2026-05-14', 'عمال 4', '12000.00', 'Cash', 'أخرى', NULL, NULL, '2026-05-14 20:16:24', 31),
(96, '2026-05-14', 'سيارة امين ', '25000.00', 'Cash', 'نقل', NULL, NULL, '2026-05-14 20:16:38', 31),
(97, '2026-05-14', 'ذياب', '10000.00', 'Cash', 'أخرى', NULL, NULL, '2026-05-14 20:16:54', 31),
(98, '2026-05-14', 'دكان', '4500.00', 'Cash', 'إيجار', NULL, NULL, '2026-05-14 20:27:35', 32),
(99, '2026-05-14', 'استيفاء', '3000.00', 'Cash', 'أخرى', NULL, NULL, '2026-05-14 20:28:03', 32),
(100, '2026-05-14', 'بقاله', '3000.00', 'Cash', 'أخرى', NULL, NULL, '2026-05-14 20:28:27', 32),
(101, '2026-05-14', 'علاقي ودعايات وحمام', '3000.00', 'Cash', 'أخرى', NULL, NULL, '2026-05-14 20:28:52', 32),
(102, '2026-05-14', 'عبدالله ', '15000.00', 'Cash', 'Staff', NULL, NULL, '2026-05-14 20:29:06', 32),
(103, '2026-05-14', 'علي امين', '5000.00', 'Cash', 'Staff', NULL, NULL, '2026-05-14 20:29:24', 32),
(104, '2026-05-14', 'محمود', '5000.00', 'Cash', 'Staff', NULL, NULL, '2026-05-14 20:29:38', 32),
(105, '2026-05-14', 'عمار', '4000.00', 'Cash', 'Staff', NULL, NULL, '2026-05-14 20:30:01', 32),
(106, '2026-05-14', 'الابيض', '5000.00', 'Cash', 'أخرى', NULL, NULL, '2026-05-14 20:30:27', 32),
(107, '2026-05-14', 'القادري وبن فارع وماجد', '45000.00', 'Cash', 'Staff', NULL, NULL, '2026-05-14 20:30:45', 32),
(108, '2026-05-14', 'فاين ونثريات', '3000.00', 'Cash', 'أخرى', NULL, NULL, '2026-05-14 20:31:27', 32),
(109, '2026-05-14', 'موترات ', '4000.00', 'Cash', 'نقل', NULL, NULL, '2026-05-14 20:32:09', 32),
(110, '2026-05-14', 'ضريبه', '30000.00', 'Cash', 'أخرى', NULL, NULL, '2026-05-14 20:32:29', 32),
(111, '2026-05-14', '', '13000.00', 'Cash', 'تغذية', NULL, NULL, '2026-05-14 20:33:13', 32),
(112, '2026-05-17', '', '4500.00', 'Cash', 'إيجار', NULL, NULL, '2026-05-17 18:51:03', 32),
(113, '2026-05-17', 'استيفاء وحمام', '3500.00', 'Cash', 'أخرى', NULL, NULL, '2026-05-17 18:51:29', 32),
(114, '2026-05-17', '', '8000.00', 'Cash', 'تغذية', NULL, NULL, '2026-05-17 18:52:05', 32),
(115, '2026-05-17', 'علي', '5000.00', 'Cash', 'Staff', NULL, NULL, '2026-05-17 18:52:23', 32),
(116, '2026-05-17', 'محم', '5000.00', 'Cash', 'Staff', NULL, NULL, '2026-05-17 18:52:40', 32),
(117, '2026-05-17', 'عمار', '4000.00', 'Cash', 'Staff', NULL, NULL, '2026-05-17 18:52:55', 32),
(118, '2026-05-17', 'القادري وبن فارع وماجد', '45000.00', 'Cash', 'Staff', NULL, NULL, '2026-05-17 18:53:24', 32),
(120, '2026-05-19', '', '4500.00', 'Cash', 'إيجار', NULL, NULL, '2026-05-19 18:29:01', 32),
(121, '2026-05-19', 'استيفاء', '3000.00', 'Cash', 'أخرى', NULL, NULL, '2026-05-19 18:29:17', 32),
(122, '2026-05-19', 'بقاله', '3000.00', 'Cash', 'أخرى', NULL, NULL, '2026-05-19 18:29:33', 32),
(123, '2026-05-19', '', '11000.00', 'Cash', 'تغذية', NULL, NULL, '2026-05-19 18:29:53', 32),
(124, '2026-05-19', 'علاقي ودعايات وحمام', '4000.00', 'Cash', 'أخرى', NULL, NULL, '2026-05-19 18:30:14', 32),
(125, '2026-05-19', 'القادري وبن فارع وماجد', '45000.00', 'Cash', 'Staff', NULL, NULL, '2026-05-19 18:30:33', 32),
(126, '2026-05-19', 'عبدالله ', '15000.00', 'Cash', 'Staff', NULL, NULL, '2026-05-19 18:30:47', 32),
(127, '2026-05-19', 'محمود', '5000.00', 'Cash', 'Staff', NULL, NULL, '2026-05-19 18:30:59', 32),
(128, '2026-05-19', 'علي امين', '5000.00', 'Cash', 'Staff', NULL, NULL, '2026-05-19 18:31:21', 32),
(129, '2026-05-19', 'عمار', '4000.00', 'Cash', 'Staff', NULL, NULL, '2026-05-19 18:31:37', 32),
(130, '2026-05-19', 'الابيض', '5000.00', 'Cash', 'Staff', NULL, NULL, '2026-05-19 18:31:50', 32),
(131, '2026-05-19', 'موترات', '3500.00', 'Cash', 'نقل', NULL, NULL, '2026-05-19 18:32:19', 32),
(132, '2026-05-19', 'بترول ليومين', '40000.00', 'Cash', 'أخرى', NULL, NULL, '2026-05-19 20:54:35', 31),
(133, '2026-05-19', 'عشاء وماء ', '3000.00', 'Cash', 'تغذية', NULL, NULL, '2026-05-19 20:55:09', 31),
(134, '2026-05-19', 'بترول للمتر ', '1000.00', 'Cash', 'أخرى', NULL, NULL, '2026-05-19 20:56:41', 31),
(135, '2026-05-19', 'حساب البقاله', '2000.00', 'Cash', 'أخرى', NULL, NULL, '2026-05-19 20:57:20', 31),
(136, '2026-05-19', 'صبوح ', '2300.00', 'Cash', 'تغذية', NULL, NULL, '2026-05-19 20:57:59', 31),
(137, '2026-05-19', 'حق نامس', '1000.00', 'Cash', 'أخرى', NULL, NULL, '2026-05-19 20:58:19', 31),
(138, '2026-05-19', 'فطار وحبحب ', '2700.00', 'Cash', 'تغذية', NULL, NULL, '2026-05-19 20:58:45', 31),
(139, '2026-05-19', 'عشاء وسحار', '9500.00', 'Cash', 'تغذية', NULL, NULL, '2026-05-19 20:59:10', 31),
(140, '2026-05-19', 'تصلوح الكمان حق السياره', '17000.00', 'Cash', 'أخرى', NULL, NULL, '2026-05-19 20:59:37', 31),
(141, '2026-05-19', 'فاين وماء ', '2600.00', 'Cash', 'أخرى', NULL, NULL, '2026-05-19 21:00:04', 31),
(142, '2026-05-19', 'فاين وماء ', '2600.00', 'Cash', 'أخرى', NULL, NULL, '2026-05-19 21:00:09', 31),
(143, '2026-05-19', 'ثلج', '700.00', 'Cash', 'أخرى', NULL, NULL, '2026-05-19 21:00:26', 31),
(144, '2026-05-19', 'كراء مهران وظريبه ليوم الاثنين والثلاثاء', '15000.00', 'Cash', 'نقل', NULL, NULL, '2026-05-19 21:01:48', 31),
(145, '2026-05-19', 'عمال 3', '9000.00', 'Cash', 'أخرى', NULL, NULL, '2026-05-19 21:02:07', 31),
(146, '2026-05-20', '', '4500.00', 'Cash', 'إيجار', NULL, NULL, '2026-05-20 21:44:58', 32),
(147, '2026-05-20', 'استيفاء', '3000.00', 'Cash', 'أخرى', NULL, NULL, '2026-05-20 21:45:12', 32),
(148, '2026-05-20', 'بقاله', '3000.00', 'Cash', 'أخرى', NULL, NULL, '2026-05-20 21:45:25', 32),
(149, '2026-05-20', '', '11000.00', 'Cash', 'تغذية', NULL, NULL, '2026-05-20 21:45:40', 32),
(150, '2026-05-20', 'علاقي ودعايات وحمام', '4000.00', 'Cash', 'أخرى', NULL, NULL, '2026-05-20 21:45:56', 32),
(151, '2026-05-20', 'القادري وبن فارع وماجد', '45000.00', 'Cash', 'Staff', NULL, NULL, '2026-05-20 21:46:07', 32),
(152, '2026-05-20', 'عبدالله ', '15000.00', 'Cash', 'Staff', NULL, NULL, '2026-05-20 21:46:18', 32),
(153, '2026-05-20', 'محمود', '5000.00', 'Cash', 'Staff', NULL, NULL, '2026-05-20 21:46:39', 32),
(154, '2026-05-20', 'علي امين', '5000.00', 'Cash', 'Staff', NULL, NULL, '2026-05-20 21:46:50', 32),
(155, '2026-05-20', 'عمار', '4000.00', 'Cash', 'Staff', NULL, NULL, '2026-05-20 21:47:18', 32),
(156, '2026-05-20', 'الابيض', '5000.00', 'Cash', 'Staff', NULL, NULL, '2026-05-20 21:47:33', 32),
(157, '2026-05-20', '', '3000.00', 'Cash', 'نقل', NULL, NULL, '2026-05-20 21:48:12', 32),
(158, '2026-05-20', 'ضريبه', '30000.00', 'Cash', 'أخرى', NULL, NULL, '2026-05-20 21:48:32', 32),
(159, '2026-05-20', 'فطار وعشاء الاربعاء ', '8000.00', 'Cash', 'تغذية', NULL, NULL, '2026-05-20 23:45:14', 31),
(160, '2026-05-20', 'بترول للسياره الاربعاء ', '19000.00', 'Cash', 'أخرى', NULL, NULL, '2026-05-20 23:45:38', 31),
(161, '2026-05-20', 'صبوح الاربعاء ', '2800.00', 'Cash', 'تغذية', NULL, NULL, '2026-05-20 23:46:00', 31),
(162, '2026-05-20', 'ثلج الاربعاء ', '800.00', 'Cash', 'أخرى', NULL, NULL, '2026-05-20 23:46:21', 31),
(163, '2026-05-20', 'بترول لصدام الاربعاء ', '2000.00', 'Cash', 'أخرى', NULL, NULL, '2026-05-20 23:46:37', 31),
(164, '2026-05-20', 'قيمة صندل مع ماجد الاربعاء ', '5000.00', 'Cash', 'أخرى', NULL, NULL, '2026-05-20 23:47:05', 31),
(165, '2026-05-20', 'باقة اتصل ونت مبايل ابو 1500دقيقة ', '5000.00', 'Cash', 'أخرى', NULL, NULL, '2026-05-20 23:48:00', 31),
(166, '2026-05-20', 'سيارة امين الاربعاء ', '25000.00', 'Cash', 'نقل', NULL, NULL, '2026-05-20 23:48:21', 31),
(167, '2026-05-20', 'عمال الاربعاء 4', '12000.00', 'Cash', 'أخرى', NULL, NULL, '2026-05-20 23:48:49', 31),
(168, '2026-05-20', 'باقة للمصلح 73', '1200.00', 'Cash', 'أخرى', NULL, NULL, '2026-05-20 23:49:54', 31),
(169, '2026-05-21', 'فطور وعشاء ', '9500.00', 'Cash', 'تغذية', NULL, NULL, '2026-05-21 18:21:56', 31),
(170, '2026-05-21', 'تغيير زيت للمتر وتصلوح', '4500.00', 'Cash', 'أخرى', NULL, NULL, '2026-05-21 18:22:41', 31),
(171, '2026-05-21', 'بترول للسياره ', '13500.00', 'Cash', 'أخرى', NULL, NULL, '2026-05-21 18:23:11', 31),
(172, '2026-05-21', 'وايت ماء ', '5000.00', 'Cash', 'ماء', NULL, NULL, '2026-05-21 18:23:56', 31),
(173, '2026-05-21', 'خرج من البقالة ومع محمد فارع منها 1000', '5000.00', 'Cash', 'أخرى', NULL, NULL, '2026-05-21 18:25:03', 31),
(174, '2026-05-21', '', '6800.00', 'Cash', 'كهرباء', NULL, NULL, '2026-05-21 18:25:28', 31),
(175, '2026-05-21', 'ثلج وماء لحقه', '1000.00', 'Cash', 'أخرى', NULL, NULL, '2026-05-21 18:25:58', 31),
(176, '2026-05-21', 'تالف', '500.00', 'Cash', 'أخرى', NULL, NULL, '2026-05-21 18:26:35', 31),
(177, '2026-05-21', 'مغسله ', '600.00', 'Cash', 'أخرى', NULL, NULL, '2026-05-21 18:26:49', 31),
(178, '2026-05-21', 'عمولة ارسال 1800 وفارق صرف 1200', '3000.00', 'Cash', 'أخرى', NULL, NULL, '2026-05-21 18:27:33', 31),
(179, '2026-05-21', 'صبوح', '2800.00', 'Cash', 'تغذية', NULL, NULL, '2026-05-21 18:28:02', 31),
(180, '2026-05-21', 'عمال 5', '15000.00', 'Cash', 'أخرى', NULL, NULL, '2026-05-21 18:28:51', 31),
(181, '2026-05-21', 'مفتاح للمروحة حق السقف', '2000.00', 'Cash', 'أخرى', NULL, NULL, '2026-05-21 18:29:33', 31),
(182, '2026-05-21', '', '4500.00', 'Cash', 'إيجار', NULL, NULL, '2026-05-21 22:47:32', 32),
(183, '2026-05-21', 'القادري وماجد وبن فارع', '45000.00', 'Cash', 'إيجار', NULL, NULL, '2026-05-21 22:48:08', 32),
(184, '2026-05-21', 'مترات ', '4000.00', 'Cash', 'إيجار', NULL, NULL, '2026-05-21 22:48:24', 32),
(185, '2026-05-21', 'عمار ياسر ', '3000.00', 'Cash', 'Staff', NULL, NULL, '2026-05-21 22:49:04', 32),
(186, '2026-05-21', 'علي امين ', '3000.00', 'Cash', 'Staff', NULL, NULL, '2026-05-21 22:49:32', 32),
(187, '2026-05-21', 'عبدالله النهاري ', '5000.00', 'Cash', 'إيجار', NULL, NULL, '2026-05-21 22:49:47', 32),
(188, '2026-05-21', 'عبدة الابيض', '5000.00', 'Cash', 'إيجار', NULL, NULL, '2026-05-21 22:55:01', 32),
(189, '2026-05-21', 'طوبين ورق مع المواصلات', '4000.00', 'Cash', 'إيجار', NULL, NULL, '2026-05-21 22:57:23', 32);

-- --------------------------------------------------------

--
-- Table structure for table `leftovers`
--

CREATE TABLE `leftovers` (
  `id` int(11) NOT NULL,
  `source_date` date NOT NULL,
  `purchase_id` int(11) DEFAULT NULL,
  `qat_type_id` int(11) DEFAULT NULL,
  `unit_type` enum('weight','قبضة','قرطاس') NOT NULL DEFAULT 'weight',
  `weight_kg` decimal(10,2) NOT NULL,
  `quantity_units` int(11) NOT NULL DEFAULT 0,
  `status` enum('Pending','Dropped','Transferred_Next_Day','Sold','Auto_Momsi','Auto_Dropped','Momsi_Day_1','Momsi_Day_2','Closed','Reception_Loss') DEFAULT 'Pending',
  `decision_date` date DEFAULT NULL,
  `sale_date` date DEFAULT NULL,
  `notes` text DEFAULT NULL,
  `created_at` timestamp NOT NULL DEFAULT current_timestamp(),
  `life_day` int(11) DEFAULT 1,
  `created_by` int(11) DEFAULT NULL
) ENGINE=InnoDB DEFAULT CHARSET=utf8mb4 COLLATE=utf8mb4_general_ci;

--
-- Dumping data for table `leftovers`
--

INSERT INTO `leftovers` (`id`, `source_date`, `purchase_id`, `qat_type_id`, `unit_type`, `weight_kg`, `quantity_units`, `status`, `decision_date`, `sale_date`, `notes`, `created_at`, `life_day`, `created_by`) VALUES
(3, '2026-05-12', 5, 2, 'weight', '0.40', 0, '', '2026-05-12', '2026-05-12', 'تخزينة عمال من واجهة المبيعات', '2026-05-12 12:25:01', 1, 32),
(4, '2026-05-12', 5, 2, 'weight', '0.40', 0, '', '2026-05-12', '2026-05-12', 'تخزينة عمال من واجهة المبيعات', '2026-05-12 12:25:10', 1, 32),
(5, '2026-05-12', 2, 6, 'weight', '0.17', 0, '', '2026-05-12', '2026-05-12', 'تخزينة عمال من واجهة المبيعات', '2026-05-12 18:33:16', 1, 32),
(6, '2026-05-12', 6, 8, 'weight', '0.20', 0, '', '2026-05-12', '2026-05-12', 'تخزينة عمال من واجهة المبيعات', '2026-05-12 18:45:03', 1, 32),
(7, '2026-05-12', 1, 5, 'weight', '0.04', 0, 'Closed', '2026-05-12', '2026-05-14', NULL, '2026-05-13 04:10:05', 1, NULL),
(8, '2026-05-12', 2, 6, 'weight', '0.19', 0, 'Closed', '2026-05-12', '2026-05-14', NULL, '2026-05-13 04:10:05', 1, NULL),
(9, '2026-05-12', 4, 5, 'weight', '0.10', 0, 'Closed', '2026-05-12', '2026-05-14', NULL, '2026-05-13 04:10:05', 1, NULL),
(10, '2026-05-12', 5, 2, 'weight', '0.80', 0, 'Closed', '2026-05-12', '2026-05-14', NULL, '2026-05-13 04:10:05', 1, NULL),
(11, '2026-05-12', 6, 8, 'weight', '0.26', 0, 'Closed', '2026-05-12', '2026-05-14', NULL, '2026-05-13 04:10:05', 1, NULL),
(12, '2026-05-12', 7, 6, 'weight', '1.20', 0, 'Closed', '2026-05-12', '2026-05-14', NULL, '2026-05-13 04:10:05', 1, NULL),
(13, '2026-05-13', 11, 2, 'weight', '0.29', 0, '', '2026-05-13', '2026-05-13', 'تخزينة عمال من واجهة المبيعات', '2026-05-13 17:37:31', 1, 32),
(14, '2026-05-13', 12, 3, 'weight', '0.11', 0, '', '2026-05-13', '2026-05-13', 'تخزينة عمال من واجهة المبيعات', '2026-05-13 19:47:11', 1, 32),
(15, '2026-05-13', 12, 3, 'weight', '0.20', 0, '', '2026-05-13', '2026-05-13', 'تخزينة عمال من واجهة المبيعات', '2026-05-13 19:47:39', 1, 32),
(16, '2026-05-13', 8, 5, 'weight', '0.14', 0, 'Closed', '2026-05-13', '2026-05-15', NULL, '2026-05-14 06:54:17', 1, NULL),
(17, '2026-05-13', 10, 1, 'weight', '0.19', 0, 'Closed', '2026-05-13', '2026-05-15', NULL, '2026-05-14 06:54:17', 1, NULL),
(18, '2026-05-13', 11, 2, 'weight', '0.29', 0, 'Closed', '2026-05-13', '2026-05-15', NULL, '2026-05-14 06:54:17', 1, NULL),
(19, '2026-05-13', 12, 3, 'weight', '0.98', 0, 'Closed', '2026-05-13', '2026-05-15', NULL, '2026-05-14 06:54:17', 1, NULL),
(20, '2026-05-13', 13, 6, 'weight', '3.70', 0, 'Closed', '2026-05-13', '2026-05-15', NULL, '2026-05-14 06:54:17', 1, NULL),
(21, '2026-05-14', 17, 5, 'weight', '0.50', 0, 'Reception_Loss', '2026-05-14', '2026-05-14', NULL, '2026-05-14 07:23:02', 1, NULL),
(22, '2026-05-14', 21, 6, 'weight', '0.35', 0, 'Reception_Loss', '2026-05-14', '2026-05-14', NULL, '2026-05-14 07:26:19', 1, NULL),
(23, '2026-05-14', 22, 3, 'weight', '0.10', 0, 'Reception_Loss', '2026-05-14', '2026-05-14', NULL, '2026-05-14 07:28:01', 1, NULL),
(24, '2026-05-14', 16, 6, 'weight', '0.98', 0, '', '2026-05-14', '2026-05-14', 'تخزينة عمال من واجهة المبيعات', '2026-05-14 15:32:29', 1, 32),
(25, '2026-05-14', 14, 5, 'weight', '0.17', 0, '', '2026-05-14', '2026-05-14', 'تخزينة عمال من واجهة المبيعات', '2026-05-14 16:16:48', 1, 32),
(26, '2026-05-14', 17, 5, 'weight', '0.15', 0, '', '2026-05-14', '2026-05-14', 'تخزينة عمال من واجهة المبيعات', '2026-05-14 16:18:01', 1, 32),
(27, '2026-05-14', 17, 5, 'weight', '0.20', 0, '', '2026-05-14', '2026-05-14', 'تخزينة عمال من واجهة المبيعات', '2026-05-14 16:25:36', 1, 32),
(28, '2026-05-14', 17, 5, 'weight', '0.20', 0, '', '2026-05-14', '2026-05-14', 'تخزينة عمال من واجهة المبيعات', '2026-05-14 16:25:39', 1, 32),
(29, '2026-05-14', 19, 2, 'weight', '0.15', 0, '', '2026-05-14', '2026-05-14', 'تخزينة عمال من واجهة المبيعات', '2026-05-14 19:52:32', 1, 32),
(30, '2026-05-14', 19, 2, 'weight', '0.15', 0, '', '2026-05-14', '2026-05-14', 'تخزينة عمال من واجهة المبيعات', '2026-05-14 19:52:35', 1, 32),
(31, '2026-05-14', 19, 2, 'weight', '0.15', 0, '', '2026-05-14', '2026-05-14', 'تخزينة عمال من واجهة المبيعات', '2026-05-14 19:52:37', 1, 32),
(32, '2026-05-14', 19, 2, 'weight', '0.05', 0, '', '2026-05-14', '2026-05-14', 'تخزينة عمال من واجهة المبيعات', '2026-05-14 19:54:39', 1, 32),
(33, '2026-05-12', 1, 5, 'weight', '0.04', 0, 'Auto_Dropped', '2026-05-14', '2026-05-14', NULL, '2026-05-15 13:53:24', 1, NULL),
(34, '2026-05-12', 2, 6, 'weight', '0.19', 0, 'Auto_Dropped', '2026-05-14', '2026-05-14', NULL, '2026-05-15 13:53:24', 1, NULL),
(35, '2026-05-12', 4, 5, 'weight', '0.10', 0, 'Auto_Dropped', '2026-05-14', '2026-05-14', NULL, '2026-05-15 13:53:24', 1, NULL),
(36, '2026-05-12', 5, 2, 'weight', '0.80', 0, 'Auto_Dropped', '2026-05-14', '2026-05-14', NULL, '2026-05-15 13:53:24', 1, NULL),
(37, '2026-05-12', 6, 8, 'weight', '0.26', 0, 'Auto_Dropped', '2026-05-14', '2026-05-14', NULL, '2026-05-15 13:53:24', 1, NULL),
(38, '2026-05-12', 7, 6, 'weight', '0.78', 0, 'Auto_Dropped', '2026-05-14', '2026-05-14', NULL, '2026-05-15 13:53:24', 1, NULL),
(39, '2026-05-14', 14, 5, 'weight', '0.31', 0, 'Closed', '2026-05-14', '2026-05-16', NULL, '2026-05-15 13:53:24', 1, NULL),
(40, '2026-05-14', 16, 6, 'weight', '1.00', 0, 'Closed', '2026-05-14', '2026-05-16', NULL, '2026-05-15 13:53:24', 1, NULL),
(41, '2026-05-14', 17, 5, 'weight', '0.40', 0, 'Closed', '2026-05-14', '2026-05-16', NULL, '2026-05-15 13:53:24', 1, NULL),
(42, '2026-05-14', 19, 2, 'weight', '0.50', 0, 'Closed', '2026-05-14', '2026-05-16', NULL, '2026-05-15 13:53:24', 1, NULL),
(43, '2026-05-13', 8, 5, 'weight', '0.14', 0, 'Auto_Dropped', '2026-05-15', '2026-05-15', NULL, '2026-05-17 01:13:32', 1, NULL),
(44, '2026-05-13', 11, 2, 'weight', '0.29', 0, 'Auto_Dropped', '2026-05-15', '2026-05-15', NULL, '2026-05-17 01:13:32', 1, NULL),
(45, '2026-05-13', 12, 3, 'weight', '0.73', 0, 'Auto_Dropped', '2026-05-15', '2026-05-15', NULL, '2026-05-17 01:13:32', 1, NULL),
(46, '2026-05-13', 13, 6, 'weight', '1.22', 0, 'Auto_Dropped', '2026-05-15', '2026-05-15', NULL, '2026-05-17 01:13:32', 1, NULL),
(47, '2026-05-14', 14, 5, 'weight', '0.31', 0, 'Auto_Dropped', '2026-05-16', '2026-05-16', NULL, '2026-05-17 09:22:19', 1, NULL),
(48, '2026-05-14', 16, 6, 'weight', '1.00', 0, 'Auto_Dropped', '2026-05-16', '2026-05-16', NULL, '2026-05-17 09:22:19', 1, NULL),
(49, '2026-05-14', 17, 5, 'weight', '0.40', 0, 'Auto_Dropped', '2026-05-16', '2026-05-16', NULL, '2026-05-17 09:22:19', 1, NULL),
(50, '2026-05-14', 19, 2, 'weight', '0.50', 0, 'Auto_Dropped', '2026-05-16', '2026-05-16', NULL, '2026-05-17 09:22:19', 1, NULL),
(51, '2026-05-17', 24, 2, 'weight', '0.50', 0, '', '2026-05-17', '2026-05-17', 'تخزينة عمال من واجهة المبيعات', '2026-05-17 13:08:03', 1, 32),
(52, '2026-05-17', 25, 8, 'weight', '0.03', 0, '', '2026-05-17', '2026-05-17', 'تخزينة عمال من واجهة المبيعات', '2026-05-17 18:54:29', 1, 32),
(53, '2026-05-17', 24, 2, 'weight', '0.50', 0, 'Closed', '2026-05-17', '2026-05-19', NULL, '2026-05-18 08:19:57', 1, NULL),
(54, '2026-05-17', 25, 8, 'weight', '0.03', 0, 'Closed', '2026-05-17', '2026-05-19', NULL, '2026-05-18 08:19:57', 1, NULL),
(55, '2026-05-19', 26, 5, 'weight', '0.12', 0, 'Reception_Loss', '2026-05-19', '2026-05-19', NULL, '2026-05-19 11:15:19', 1, NULL),
(56, '2026-05-19', 28, 2, 'weight', '0.02', 0, 'Reception_Loss', '2026-05-19', '2026-05-19', NULL, '2026-05-19 11:15:45', 1, NULL),
(57, '2026-05-19', 30, 6, 'weight', '0.10', 0, 'Reception_Loss', '2026-05-19', '2026-05-19', NULL, '2026-05-19 11:16:27', 1, NULL),
(58, '2026-05-19', 30, 6, 'weight', '0.76', 0, '', '2026-05-19', '2026-05-19', 'تخزينة عمال من واجهة المبيعات', '2026-05-19 12:38:11', 1, 32),
(59, '2026-05-19', 29, 3, 'weight', '0.46', 0, '', '2026-05-19', '2026-05-19', 'تخزينة عمال من واجهة المبيعات', '2026-05-19 14:03:41', 1, 32),
(60, '2026-05-17', 24, 2, 'weight', '0.50', 0, 'Auto_Dropped', '2026-05-19', '2026-05-19', NULL, '2026-05-20 03:59:53', 1, NULL),
(61, '2026-05-17', 25, 8, 'weight', '0.03', 0, 'Auto_Dropped', '2026-05-19', '2026-05-19', NULL, '2026-05-20 03:59:53', 1, NULL),
(62, '2026-05-19', 29, 3, 'weight', '0.46', 0, 'Closed', '2026-05-19', '2026-05-21', NULL, '2026-05-20 03:59:53', 1, NULL),
(63, '2026-05-19', 30, 6, 'weight', '0.76', 0, 'Closed', '2026-05-19', '2026-05-21', NULL, '2026-05-20 03:59:53', 1, NULL),
(64, '2026-05-20', 37, 15, 'weight', '0.30', 0, '', '2026-05-20', '2026-05-20', 'تخزينة عمال من واجهة المبيعات', '2026-05-20 21:21:17', 1, 32),
(65, '2026-05-20', 35, 8, 'weight', '0.35', 0, '', '2026-05-20', '2026-05-20', 'تخزينة عمال من واجهة المبيعات', '2026-05-20 21:36:19', 1, 32),
(66, '2026-05-20', 31, 5, 'weight', '0.17', 0, 'Momsi_Day_2', '2026-05-20', '2026-05-22', NULL, '2026-05-21 08:23:45', 1, NULL),
(67, '2026-05-20', 34, 2, 'weight', '0.40', 0, 'Momsi_Day_2', '2026-05-20', '2026-05-22', NULL, '2026-05-21 08:23:45', 1, NULL),
(68, '2026-05-20', 35, 8, 'weight', '0.35', 0, 'Momsi_Day_2', '2026-05-20', '2026-05-22', NULL, '2026-05-21 08:23:45', 1, NULL),
(69, '2026-05-20', 36, 1, 'weight', '0.05', 0, 'Momsi_Day_2', '2026-05-20', '2026-05-22', NULL, '2026-05-21 08:23:45', 1, NULL),
(70, '2026-05-20', 37, 15, 'weight', '1.20', 0, 'Momsi_Day_2', '2026-05-20', '2026-05-22', NULL, '2026-05-21 08:23:45', 1, NULL),
(71, '2026-05-22', 42, 1, 'weight', '0.50', 0, 'Reception_Loss', '2026-05-22', '2026-05-22', NULL, '2026-05-21 22:17:54', 1, NULL),
(72, '2026-05-22', 43, 3, 'weight', '0.01', 0, 'Reception_Loss', '2026-05-22', '2026-05-22', NULL, '2026-05-21 22:19:36', 1, NULL),
(73, '2026-05-22', 44, 6, 'weight', '0.05', 0, 'Reception_Loss', '2026-05-22', '2026-05-22', NULL, '2026-05-21 22:21:29', 1, NULL),
(74, '2026-05-21', 41, 5, 'weight', '3177.00', 0, '', '2026-05-21', '2026-05-21', 'تخزينة عمال من واجهة المبيعات', '2026-05-21 22:36:09', 1, 32),
(75, '2026-05-21', 46, 2, 'weight', '0.25', 0, '', '2026-05-21', '2026-05-21', 'تخزينة عمال من واجهة المبيعات', '2026-05-21 22:37:35', 1, 32),
(76, '2026-05-21', 43, 3, 'weight', '0.59', 0, '', '2026-05-21', '2026-05-21', 'تخزينة عمال من واجهة المبيعات', '2026-05-21 22:41:47', 1, 32),
(77, '2026-05-21', 44, 6, 'weight', '0.30', 0, '', '2026-05-21', '2026-05-21', 'تخزينة عمال من واجهة المبيعات', '2026-05-21 22:44:36', 1, 32),
(78, '2026-05-21', 48, 6, 'weight', '1.20', 0, '', '2026-05-21', '2026-05-21', 'تخزينة عمال من واجهة المبيعات', '2026-05-21 22:46:40', 1, 32),
(79, '2026-05-19', 29, 3, 'weight', '0.46', 0, 'Auto_Dropped', '2026-05-21', '2026-05-21', NULL, '2026-05-22 05:41:41', 1, NULL),
(80, '2026-05-19', 30, 6, 'weight', '0.76', 0, 'Auto_Dropped', '2026-05-21', '2026-05-21', NULL, '2026-05-22 05:41:41', 1, NULL),
(81, '2026-05-21', 41, 5, 'weight', '3177.00', 0, 'Momsi_Day_1', '2026-05-21', '2026-05-22', NULL, '2026-05-22 05:41:41', 1, NULL),
(82, '2026-05-21', 43, 3, 'weight', '0.59', 0, 'Momsi_Day_1', '2026-05-21', '2026-05-22', NULL, '2026-05-22 05:41:41', 1, NULL),
(83, '2026-05-21', 44, 6, 'weight', '0.30', 0, 'Momsi_Day_1', '2026-05-21', '2026-05-22', NULL, '2026-05-22 05:41:41', 1, NULL),
(84, '2026-05-21', 46, 2, 'weight', '0.25', 0, 'Momsi_Day_1', '2026-05-21', '2026-05-22', NULL, '2026-05-22 05:41:41', 1, NULL),
(85, '2026-05-21', 48, 6, 'weight', '1.20', 0, 'Momsi_Day_1', '2026-05-21', '2026-05-22', NULL, '2026-05-22 05:41:41', 1, NULL);

-- --------------------------------------------------------

--
-- Table structure for table `payments`
--

CREATE TABLE `payments` (
  `id` int(11) NOT NULL,
  `payment_date` date DEFAULT curdate(),
  `customer_id` int(11) NOT NULL,
  `amount` decimal(10,2) NOT NULL,
  `payment_method` enum('Cash','Transfer') DEFAULT 'Cash',
  `note` text DEFAULT NULL,
  `created_at` timestamp NOT NULL DEFAULT current_timestamp(),
  `transfer_sender` varchar(255) DEFAULT NULL,
  `transfer_receiver` varchar(255) DEFAULT NULL,
  `transfer_number` varchar(255) DEFAULT NULL,
  `transfer_company` varchar(255) DEFAULT NULL,
  `created_by` int(11) DEFAULT NULL
) ENGINE=InnoDB DEFAULT CHARSET=utf8mb4 COLLATE=utf8mb4_general_ci;

-- --------------------------------------------------------

--
-- Table structure for table `providers`
--

CREATE TABLE `providers` (
  `id` int(11) NOT NULL,
  `name` varchar(100) NOT NULL,
  `phone` varchar(20) DEFAULT NULL,
  `created_at` timestamp NOT NULL DEFAULT current_timestamp(),
  `created_by` int(11) DEFAULT NULL
) ENGINE=InnoDB DEFAULT CHARSET=utf8mb4 COLLATE=utf8mb4_general_ci;

--
-- Dumping data for table `providers`
--

INSERT INTO `providers` (`id`, `name`, `phone`, `created_at`, `created_by`) VALUES
(2, 'حزام', '711532015', '2026-05-12 02:52:30', 31),
(3, 'فتحي', '987654321', '2026-05-12 02:58:31', 31),
(4, 'صهيب الطيري', '987654328', '2026-05-13 01:06:19', 31),
(5, 'علي الغرباني', '716315336', '2026-05-14 01:12:55', 31),
(6, 'معتصم', '852369741', '2026-05-17 01:14:00', 31),
(7, 'مروان ومنير', '357869412', '2026-05-20 04:00:46', 31),
(8, 'محسن', '654987789', '2026-05-20 04:08:23', 31),
(9, 'صالح محمدصالح شنخر', '7536895124', '2026-05-22 02:10:27', 31);

-- --------------------------------------------------------

--
-- Table structure for table `purchases`
--

CREATE TABLE `purchases` (
  `id` int(11) NOT NULL,
  `purchase_date` date NOT NULL,
  `qat_type_id` int(11) DEFAULT NULL,
  `source_weight_grams` decimal(10,2) DEFAULT 0.00,
  `received_weight_grams` decimal(10,2) DEFAULT 0.00,
  `provider_id` int(11) DEFAULT NULL,
  `expected_quantity_kg` decimal(10,2) DEFAULT 0.00,
  `vendor_name` varchar(100) DEFAULT NULL,
  `agreed_price` decimal(10,2) NOT NULL,
  `discount_amount` decimal(10,2) DEFAULT 0.00,
  `price_per_kilo` decimal(10,2) DEFAULT 0.00,
  `unit_type` enum('weight','قبضة','قرطاس') NOT NULL DEFAULT 'weight',
  `source_units` int(11) NOT NULL DEFAULT 0,
  `received_units` int(11) DEFAULT 0,
  `price_per_unit` decimal(10,2) NOT NULL DEFAULT 0.00,
  `discount` decimal(10,2) DEFAULT 0.00,
  `net_cost` decimal(10,2) GENERATED ALWAYS AS (`agreed_price` - `discount`) STORED,
  `quantity_kg` decimal(10,2) DEFAULT NULL,
  `status` enum('Fresh','Momsi','Closed') DEFAULT 'Fresh',
  `media_path` varchar(255) DEFAULT NULL,
  `is_received` tinyint(1) DEFAULT 1,
  `received_at` datetime DEFAULT NULL,
  `created_at` timestamp NOT NULL DEFAULT current_timestamp(),
  `created_by` int(11) DEFAULT NULL,
  `original_purchase_id` int(11) DEFAULT NULL
) ENGINE=InnoDB DEFAULT CHARSET=utf8mb4 COLLATE=utf8mb4_general_ci;

--
-- Dumping data for table `purchases`
--

INSERT INTO `purchases` (`id`, `purchase_date`, `qat_type_id`, `source_weight_grams`, `received_weight_grams`, `provider_id`, `expected_quantity_kg`, `vendor_name`, `agreed_price`, `discount_amount`, `price_per_kilo`, `unit_type`, `source_units`, `received_units`, `price_per_unit`, `discount`, `quantity_kg`, `status`, `media_path`, `is_received`, `received_at`, `created_at`, `created_by`, `original_purchase_id`) VALUES
(1, '2026-05-12', 5, '3700.00', '3700.00', 2, '0.00', NULL, '222000.00', '0.00', '60000.00', 'weight', 0, 0, '0.00', '0.00', '3.70', 'Closed', 'uploads/1778554569_1000166303.jpg', 1, '2026-05-12 09:22:40', '2026-05-12 02:56:09', 31, NULL),
(2, '2026-05-12', 6, '900.00', '900.00', 2, '0.00', NULL, '27000.00', '0.00', '30000.00', 'weight', 0, 0, '0.00', '0.00', '0.90', 'Closed', NULL, 1, '2026-05-12 09:24:24', '2026-05-12 02:56:57', 31, NULL),
(3, '2026-05-12', 7, '2000.00', '2000.00', 2, '0.00', NULL, '120000.00', '0.00', '60000.00', 'weight', 0, 0, '0.00', '0.00', '2.00', 'Closed', NULL, 1, '2026-05-12 10:26:33', '2026-05-12 02:57:24', 31, NULL),
(4, '2026-05-12', 5, '4500.00', '4500.00', 3, '0.00', NULL, '202500.00', '0.00', '45000.00', 'weight', 0, 0, '0.00', '0.00', '4.50', 'Closed', 'uploads/1778555093_1000166184.jpg', 1, '2026-05-12 09:28:21', '2026-05-12 03:04:53', 31, NULL),
(5, '2026-05-12', 2, '1500.00', '1500.00', 3, '0.00', NULL, '45.00', '0.00', '30.00', 'weight', 0, 0, '0.00', '0.00', '1.50', 'Closed', NULL, 1, '2026-05-12 09:30:16', '2026-05-12 03:05:49', 31, NULL),
(6, '2026-05-12', 8, '3600.00', '3600.00', 3, '0.00', NULL, '54000.00', '0.00', '15000.00', 'weight', 0, 0, '0.00', '0.00', '3.60', 'Closed', 'uploads/1778555551_1000166159.jpg', 1, '2026-05-12 09:41:01', '2026-05-12 03:12:31', 31, NULL),
(7, '2026-05-12', 6, '1200.00', '1200.00', 3, '0.00', NULL, '9600.00', '0.00', '8000.00', 'weight', 0, 0, '0.00', '0.00', '1.20', 'Closed', NULL, 1, '2026-05-12 09:41:11', '2026-05-12 03:13:37', 31, NULL),
(8, '2026-05-13', 5, '8300.00', '8300.00', 4, '0.00', NULL, '415000.00', '0.00', '50000.00', 'weight', 0, 0, '0.00', '0.00', '8.30', 'Closed', 'uploads/1778634713_1000166994.png', 1, '2026-05-13 09:58:04', '2026-05-13 01:11:52', 31, NULL),
(9, '2026-05-13', 7, '2000.00', '2000.00', 4, '0.00', NULL, '100000.00', '0.00', '50000.00', 'weight', 0, 0, '0.00', '0.00', '2.00', 'Closed', 'uploads/1778634759_1000166994.png', 1, '2026-05-13 11:50:47', '2026-05-13 01:12:38', 31, NULL),
(10, '2026-05-13', 1, '500.00', '500.00', 4, '0.00', NULL, '15000.00', '0.00', '30000.00', 'weight', 0, 0, '0.00', '0.00', '0.50', 'Closed', NULL, 1, '2026-05-13 10:02:16', '2026-05-13 01:13:21', 31, NULL),
(11, '2026-05-13', 2, '800.00', '800.00', 4, '0.00', NULL, '13600.00', '0.00', '17000.00', 'weight', 0, 0, '0.00', '0.00', '0.80', 'Closed', NULL, 1, '2026-05-13 10:03:46', '2026-05-13 01:13:57', 31, NULL),
(12, '2026-05-13', 3, '2000.00', '2000.00', 4, '0.00', NULL, '10000.00', '0.00', '5000.00', 'weight', 0, 0, '0.00', '0.00', '2.00', 'Closed', NULL, 1, '2026-05-13 10:04:56', '2026-05-13 01:15:20', 31, NULL),
(13, '2026-05-13', 6, '3700.00', '3700.00', 4, '0.00', NULL, '37000.00', '0.00', '10000.00', 'weight', 0, 0, '0.00', '0.00', '3.70', 'Closed', NULL, 1, '2026-05-13 10:06:53', '2026-05-13 01:15:47', 31, NULL),
(14, '2026-05-14', 5, '8200.00', '8200.00', 2, '0.00', NULL, '311600.00', '0.00', '38000.00', 'weight', 0, 0, '0.00', '0.00', '8.20', 'Closed', 'uploads/1778721052_1000168067.jpg', 1, '2026-05-14 10:01:35', '2026-05-14 01:10:53', 31, NULL),
(15, '2026-05-14', 9, '500.00', '500.00', 2, '0.00', NULL, '19000.00', '0.00', '38000.00', 'weight', 0, 0, '0.00', '0.00', '0.50', 'Closed', NULL, 1, '2026-05-14 10:02:07', '2026-05-14 01:11:37', 31, NULL),
(16, '2026-05-14', 6, '1000.00', '1000.00', 2, '0.00', NULL, '21000.00', '0.00', '21000.00', 'weight', 0, 0, '0.00', '0.00', '1.00', 'Closed', NULL, 1, '2026-05-14 10:03:41', '2026-05-14 01:12:11', 31, NULL),
(17, '2026-05-14', 5, '6000.00', '5500.00', 5, '0.00', NULL, '126500.00', '0.00', '23000.00', 'weight', 0, 0, '0.00', '0.00', '5.50', 'Closed', NULL, 1, '2026-05-14 10:23:02', '2026-05-14 01:16:27', 31, NULL),
(18, '2026-05-14', 10, '3000.00', '3000.00', 5, '0.00', NULL, '69000.00', '0.00', '23000.00', 'weight', 0, 0, '0.00', '0.00', '3.00', 'Closed', NULL, 1, '2026-05-14 10:23:39', '2026-05-14 01:17:48', 31, NULL),
(19, '2026-05-14', 2, '500.00', '500.00', 5, '0.00', NULL, '7500.00', '0.00', '15000.00', 'weight', 0, 0, '0.00', '0.00', '0.50', 'Closed', NULL, 1, '2026-05-14 10:24:00', '2026-05-14 01:18:35', 31, NULL),
(20, '2026-05-14', 11, '500.00', '500.00', 5, '0.00', NULL, '7500.00', '0.00', '15000.00', 'weight', 0, 0, '0.00', '0.00', '0.50', 'Closed', NULL, 1, '2026-05-14 10:24:36', '2026-05-14 01:19:17', 31, NULL),
(21, '2026-05-14', 6, '2850.00', '2500.00', 5, '0.00', NULL, '25000.00', '0.00', '10000.00', 'weight', 0, 0, '0.00', '0.00', '2.50', 'Closed', NULL, 1, '2026-05-14 10:26:19', '2026-05-14 01:20:10', 31, NULL),
(22, '2026-05-14', 3, '450.00', '350.00', 5, '0.00', NULL, '1750.00', '0.00', '5000.00', 'weight', 0, 0, '0.00', '0.00', '0.35', 'Closed', NULL, 1, '2026-05-14 10:28:01', '2026-05-14 01:20:36', 31, NULL),
(23, '2026-05-17', 5, '5500.00', '5500.00', 6, '0.00', NULL, '302500.00', '0.00', '55000.00', 'weight', 0, 0, '0.00', '0.00', '5.50', 'Closed', 'uploads/1778980595_1000169671.jpg', 1, '2026-05-17 12:24:42', '2026-05-17 01:16:35', 31, NULL),
(24, '2026-05-17', 2, '500.00', '500.00', 6, '0.00', NULL, '20000.00', '0.00', '40000.00', 'weight', 0, 0, '0.00', '0.00', '0.50', 'Closed', NULL, 1, '2026-05-17 12:34:20', '2026-05-17 01:17:11', 31, NULL),
(25, '2026-05-17', 8, '2250.00', '2250.00', 6, '0.00', NULL, '45000.00', '0.00', '20000.00', 'weight', 0, 0, '0.00', '0.00', '2.25', 'Closed', 'uploads/1778980695_1000169714.jpg', 1, '2026-05-17 12:35:16', '2026-05-17 01:18:15', 31, NULL),
(26, '2026-05-19', 5, '7350.00', '7230.00', 6, '0.00', NULL, '361500.00', '0.00', '50000.00', 'weight', 0, 0, '0.00', '0.00', '7.23', 'Closed', 'uploads/1779153507_1000170862.jpg', 1, '2026-05-19 14:15:19', '2026-05-19 01:18:26', 31, NULL),
(27, '2026-05-19', 12, '500.00', '500.00', 6, '0.00', NULL, '25000.00', '0.00', '50000.00', 'weight', 0, 0, '0.00', '0.00', '0.50', 'Closed', NULL, 1, '2026-05-19 14:15:32', '2026-05-19 01:19:11', 31, NULL),
(28, '2026-05-19', 2, '1300.00', '1280.00', 6, '0.00', NULL, '38400.00', '0.00', '30000.00', 'weight', 0, 0, '0.00', '0.00', '1.28', 'Closed', NULL, 1, '2026-05-19 14:15:46', '2026-05-19 01:19:38', 31, NULL),
(29, '2026-05-19', 3, '1000.00', '1000.00', 6, '0.00', NULL, '10000.00', '0.00', '10000.00', 'weight', 0, 0, '0.00', '0.00', '1.00', 'Closed', NULL, 1, '2026-05-19 14:16:05', '2026-05-19 01:20:12', 31, NULL),
(30, '2026-05-19', 6, '3400.00', '3300.00', 6, '0.00', NULL, '66000.00', '0.00', '20000.00', 'weight', 0, 0, '0.00', '0.00', '3.30', 'Closed', NULL, 1, '2026-05-19 14:16:27', '2026-05-19 01:20:38', 31, NULL),
(31, '2026-05-20', 5, '6000.00', '6000.00', 7, '0.00', NULL, '510000.00', '0.00', '85000.00', 'weight', 0, 0, '0.00', '0.00', '6.00', 'Closed', 'uploads/1779249805_1000171538.jpg', 1, '2026-05-20 10:36:43', '2026-05-20 04:03:25', 31, NULL),
(32, '2026-05-20', 13, '1500.00', '1500.00', 7, '0.00', NULL, '127500.00', '0.00', '85000.00', 'weight', 0, 0, '0.00', '0.00', '1.50', 'Closed', NULL, 1, '2026-05-20 10:37:10', '2026-05-20 04:04:20', 31, NULL),
(33, '2026-05-20', 14, '600.00', '600.00', 7, '0.00', NULL, '51000.00', '0.00', '85000.00', 'weight', 0, 0, '0.00', '0.00', '0.60', 'Closed', 'uploads/1779249916_1000171538.jpg', 1, '2026-05-20 10:38:16', '2026-05-20 04:05:16', 31, NULL),
(34, '2026-05-20', 2, '800.00', '800.00', 7, '0.00', NULL, '32800.00', '0.00', '41000.00', 'weight', 0, 0, '0.00', '0.00', '0.80', 'Closed', NULL, 1, '2026-05-20 10:38:42', '2026-05-20 04:07:25', 31, NULL),
(35, '2026-05-20', 8, '4700.00', '4700.00', 7, '0.00', NULL, '98700.00', '0.00', '21000.00', 'weight', 0, 0, '0.00', '0.00', '4.70', 'Closed', NULL, 1, '2026-05-20 10:44:35', '2026-05-20 04:07:56', 31, NULL),
(36, '2026-05-20', 1, '3400.00', '3400.00', 8, '0.00', NULL, '136000.00', '0.00', '40000.00', 'weight', 0, 0, '0.00', '0.00', '3.40', 'Closed', NULL, 1, '2026-05-20 10:45:53', '2026-05-20 04:09:01', 31, NULL),
(37, '2026-05-20', 15, '1800.00', '1800.00', 8, '0.00', NULL, '46800.00', '0.00', '26000.00', 'weight', 0, 0, '0.00', '0.00', '1.80', 'Closed', NULL, 1, '2026-05-20 10:46:08', '2026-05-20 04:09:38', 31, NULL),
(38, '2026-05-20', 6, '1450.00', '1450.00', 8, '0.00', NULL, '23200.00', '0.00', '16000.00', 'weight', 0, 0, '0.00', '0.00', '1.45', 'Closed', NULL, 1, '2026-05-20 10:46:23', '2026-05-20 04:11:14', 31, NULL),
(40, '2026-05-20', 3, '1600.00', '1600.00', 8, '0.00', NULL, '24000.00', '0.00', '15000.00', 'weight', 0, 0, '0.00', '0.00', '1.60', 'Closed', NULL, 1, '2026-05-20 10:46:36', '2026-05-20 04:13:05', 31, NULL),
(41, '2026-05-21', 5, '3200.00', '3180000.00', 8, '0.00', NULL, '99999999.99', '0.00', '45000.00', 'weight', 0, 0, '0.00', '0.00', '3180.00', 'Closed', NULL, 1, '2026-05-22 01:17:18', '2026-05-21 00:03:15', 31, NULL),
(42, '2026-05-21', 1, '2500.00', '2000.00', 8, '0.00', NULL, '70000.00', '0.00', '35000.00', 'weight', 0, 0, '0.00', '0.00', '2.00', 'Closed', NULL, 1, '2026-05-22 01:17:53', '2026-05-21 00:03:46', 31, NULL),
(43, '2026-05-21', 3, '1400.00', '1390.00', 8, '0.00', NULL, '13900.00', '0.00', '10000.00', 'weight', 0, 0, '0.00', '0.00', '1.39', 'Closed', NULL, 1, '2026-05-22 01:19:36', '2026-05-21 00:04:51', 31, NULL),
(44, '2026-05-21', 6, '1950.00', '1900.00', 8, '0.00', NULL, '38000.00', '0.00', '20000.00', 'weight', 0, 0, '0.00', '0.00', '1.90', 'Closed', NULL, 1, '2026-05-22 01:21:28', '2026-05-21 00:05:18', 31, NULL),
(45, '2026-05-21', 5, '1500.00', '1500.00', 6, '0.00', NULL, '45000.00', '0.00', '30000.00', 'weight', 0, 0, '0.00', '0.00', '1.50', 'Closed', NULL, 1, '2026-05-22 01:22:22', '2026-05-21 00:11:18', 31, NULL),
(46, '2026-05-21', 2, '250.00', '250.00', 6, '0.00', NULL, '3000.00', '0.00', '12000.00', 'weight', 0, 0, '0.00', '0.00', '0.25', 'Closed', NULL, 1, '2026-05-22 01:22:38', '2026-05-21 00:11:45', 31, NULL),
(47, '2026-05-21', 6, '1200.00', '1200.00', 6, '0.00', NULL, '12000.00', '0.00', '10000.00', 'weight', 0, 0, '0.00', '0.00', '1.20', 'Closed', NULL, 1, '2026-05-22 01:22:51', '2026-05-21 00:12:15', 31, NULL),
(48, '2026-05-21', 6, '1200.00', '1200.00', 6, '0.00', NULL, '12000.00', '0.00', '10000.00', 'weight', 0, 0, '0.00', '0.00', '1.20', 'Closed', NULL, 1, '2026-05-22 01:23:40', '2026-05-21 00:12:15', 31, NULL),
(49, '2026-05-21', 3, '300.00', '300.00', 6, '0.00', NULL, '3000.00', '0.00', '10000.00', 'weight', 0, 0, '0.00', '0.00', '0.30', 'Closed', NULL, 1, '2026-05-22 01:23:21', '2026-05-21 00:12:37', 31, NULL),
(50, '2026-05-22', 5, '11750.00', '0.00', 9, '0.00', NULL, '646250.00', '0.00', '55000.00', 'weight', 0, 0, '0.00', '0.00', '0.00', 'Fresh', NULL, 0, NULL, '2026-05-22 02:14:42', 31, NULL),
(51, '2026-05-22', 13, '500.00', '0.00', 9, '0.00', NULL, '27500.00', '0.00', '55000.00', 'weight', 0, 0, '0.00', '0.00', '0.50', 'Fresh', NULL, 0, NULL, '2026-05-22 02:15:21', 31, NULL),
(52, '2026-05-22', 16, '1500.00', '0.00', 9, '0.00', NULL, '60000.00', '0.00', '40000.00', 'weight', 0, 0, '0.00', '0.00', '0.00', 'Fresh', NULL, 0, NULL, '2026-05-22 02:17:24', 31, NULL),
(53, '2026-05-22', 17, '3150.00', '0.00', 9, '0.00', NULL, '126000.00', '0.00', '40000.00', 'weight', 0, 0, '0.00', '0.00', '0.00', 'Fresh', NULL, 0, NULL, '2026-05-22 02:18:11', 31, NULL),
(54, '2026-05-22', 2, '650.00', '0.00', 9, '0.00', NULL, '16250.00', '0.00', '25000.00', 'weight', 0, 0, '0.00', '0.00', '0.00', 'Fresh', NULL, 0, NULL, '2026-05-22 02:18:54', 31, NULL),
(55, '2026-05-22', 2, '650.00', '0.00', 9, '0.00', NULL, '16250.00', '0.00', '25000.00', 'weight', 0, 0, '0.00', '0.00', '0.00', 'Fresh', NULL, 0, NULL, '2026-05-22 02:18:55', 31, NULL),
(56, '2026-05-22', 6, '9200.00', '0.00', 9, '0.00', NULL, '230000.00', '0.00', '25000.00', 'weight', 0, 0, '0.00', '0.00', '0.00', 'Fresh', NULL, 0, NULL, '2026-05-22 02:19:53', 31, NULL),
(57, '2026-05-22', 3, '2150.00', '0.00', 9, '0.00', NULL, '27950.00', '0.00', '13000.00', 'weight', 0, 0, '0.00', '0.00', '0.00', 'Fresh', NULL, 0, NULL, '2026-05-22 02:20:25', 31, NULL);

-- --------------------------------------------------------

--
-- Table structure for table `qat_deposits`
--

CREATE TABLE `qat_deposits` (
  `id` int(11) NOT NULL,
  `deposit_date` date NOT NULL,
  `currency` enum('YER','SAR','USD') NOT NULL,
  `amount` decimal(10,2) NOT NULL,
  `recipient` varchar(100) NOT NULL,
  `notes` text DEFAULT NULL,
  `created_at` timestamp NOT NULL DEFAULT current_timestamp(),
  `created_by` int(11) DEFAULT NULL
) ENGINE=InnoDB DEFAULT CHARSET=utf8mb4 COLLATE=utf8mb4_general_ci;

-- --------------------------------------------------------

--
-- Table structure for table `qat_types`
--

CREATE TABLE `qat_types` (
  `id` int(11) NOT NULL,
  `name` varchar(100) NOT NULL,
  `unit_type` enum('weight','units') DEFAULT 'weight',
  `description` text DEFAULT NULL,
  `is_deleted` tinyint(1) DEFAULT 0,
  `media_path` varchar(255) DEFAULT NULL,
  `price_weight` decimal(10,2) DEFAULT 0.00,
  `price_qabdah` decimal(10,2) DEFAULT 0.00,
  `price_qartas` decimal(10,2) DEFAULT 0.00,
  `created_by` int(11) DEFAULT NULL
) ENGINE=InnoDB DEFAULT CHARSET=utf8mb4 COLLATE=utf8mb4_general_ci;

--
-- Dumping data for table `qat_types`
--

INSERT INTO `qat_types` (`id`, `name`, `unit_type`, `description`, `is_deleted`, `media_path`, `price_weight`, `price_qabdah`, `price_qartas`, `created_by`) VALUES
(1, 'جمام نقوة', 'weight', 'Auto-created from sourcing', 0, NULL, '0.00', '0.00', '0.00', NULL),
(2, 'جمام كالف', 'weight', 'Auto-created from sourcing', 0, NULL, '0.00', '0.00', '0.00', NULL),
(3, 'جمام قصار', 'weight', 'Auto-created from sourcing', 0, NULL, '0.00', '0.00', '0.00', NULL),
(4, 'قطل', 'weight', 'Auto-created from sourcing', 0, 'uploads/1777825118_Gemini_Generated_Image_djtqq0djtqq0djtq.png', '0.00', '0.00', '0.00', NULL),
(5, 'جمام نقوة3اكس', 'weight', 'Auto-created from sourcing', 0, 'uploads/1779249805_1000171538.jpg', '0.00', '0.00', '0.00', NULL),
(6, 'صدور', 'weight', 'Auto-created from sourcing', 0, NULL, '0.00', '0.00', '0.00', NULL),
(7, 'جمام نقوة3اكس جوزات صنعاء', 'weight', 'Auto-created from sourcing', 0, 'uploads/1778634759_1000166994.png', '0.00', '0.00', '0.00', NULL),
(8, 'صدور نقوه', 'weight', 'Auto-created from sourcing', 0, 'uploads/1778980695_1000169714.jpg', '0.00', '0.00', '0.00', NULL),
(9, 'جمام نقوة3اكس حجز صنعاء العشملي', 'weight', 'Auto-created from sourcing', 0, NULL, '0.00', '0.00', '0.00', NULL),
(10, 'جمام نقوة3اكس حجوزات صنعاء', 'weight', 'Auto-created from sourcing', 0, NULL, '0.00', '0.00', '0.00', NULL),
(11, 'جمام كالف حجز عدن', 'weight', 'Auto-created from sourcing', 0, NULL, '0.00', '0.00', '0.00', NULL),
(12, 'جمام نقوة3اكس صنعاء', 'weight', 'Auto-created from sourcing', 0, NULL, '0.00', '0.00', '0.00', NULL),
(13, 'جمام نقوة3اكس حجز صنعاء', 'weight', 'Auto-created from sourcing', 0, NULL, '0.00', '0.00', '0.00', NULL),
(14, 'جمام نقوة3اكس حجز عدن', 'weight', 'Auto-created from sourcing', 0, 'uploads/1779249916_1000171538.jpg', '0.00', '0.00', '0.00', NULL),
(15, 'جمام سمين', 'weight', 'Auto-created from sourcing', 0, NULL, '0.00', '0.00', '0.00', NULL),
(16, 'جمام نقوة2اكس عيال الديلم', 'weight', 'Auto-created from sourcing', 0, NULL, '0.00', '0.00', '0.00', NULL),
(17, 'جمام نقوة2اكس', 'weight', 'Auto-created from sourcing', 0, NULL, '0.00', '0.00', '0.00', NULL);

-- --------------------------------------------------------

--
-- Table structure for table `refunds`
--

CREATE TABLE `refunds` (
  `id` int(11) NOT NULL,
  `customer_id` int(11) NOT NULL,
  `amount` decimal(10,2) NOT NULL,
  `refund_type` varchar(20) NOT NULL DEFAULT 'Debt',
  `unit_type` enum('weight','units') DEFAULT 'weight',
  `reason` text DEFAULT NULL,
  `created_at` timestamp NOT NULL DEFAULT current_timestamp(),
  `created_by` int(11) DEFAULT NULL,
  `weight_kg` decimal(10,3) DEFAULT 0.000,
  `quantity_units` int(11) DEFAULT 0,
  `sale_id` int(11) DEFAULT NULL
) ENGINE=InnoDB DEFAULT CHARSET=utf8mb4 COLLATE=utf8mb4_general_ci;

--
-- Dumping data for table `refunds`
--

INSERT INTO `refunds` (`id`, `customer_id`, `amount`, `refund_type`, `unit_type`, `reason`, `created_at`, `created_by`, `weight_kg`, `quantity_units`, `sale_id`) VALUES
(1, 13, '80000.00', 'Debt', 'weight', 'مرتجع من فاتورة 2026-05-12', '2026-05-12 15:51:02', 32, '1.000', 0, 12),
(2, 19, '45000.00', 'Debt', 'weight', 'مرتجع من فاتورة 2026-05-14', '2026-05-14 20:18:56', 32, '1.500', 0, 102),
(3, 21, '40000.00', 'Debt', 'weight', 'مرتجع من فاتورة 2026-05-14', '2026-05-14 20:21:46', 32, '0.500', 0, 100),
(4, 53, '60000.00', 'Debt', 'weight', 'مرتجع من فاتورة 2026-05-17', '2026-05-17 11:41:55', 32, '0.700', 0, 128);

-- --------------------------------------------------------

--
-- Table structure for table `sales`
--

CREATE TABLE `sales` (
  `id` int(11) NOT NULL,
  `sale_date` date DEFAULT curdate(),
  `due_date` date DEFAULT NULL,
  `customer_id` int(11) DEFAULT NULL,
  `qat_type_id` int(11) DEFAULT NULL,
  `purchase_id` int(11) DEFAULT NULL,
  `leftover_id` int(11) DEFAULT NULL,
  `qat_status` enum('Tari','Momsi','Leftover','Leftover1','Leftover2') DEFAULT 'Tari',
  `weight_grams` decimal(10,2) NOT NULL,
  `weight_kg` decimal(10,3) GENERATED ALWAYS AS (`weight_grams` / 1000) STORED,
  `returned_kg` decimal(10,3) DEFAULT 0.000,
  `unit_type` enum('weight','قبضة','قرطاس','units') NOT NULL DEFAULT 'weight',
  `quantity_units` int(11) NOT NULL DEFAULT 0,
  `returned_units` int(11) DEFAULT 0,
  `price` decimal(10,2) NOT NULL,
  `paid_amount` decimal(10,2) DEFAULT 0.00,
  `discount` decimal(10,2) DEFAULT 0.00,
  `refund_amount` decimal(10,2) DEFAULT 0.00,
  `payment_method` enum('Cash','Debt','Internal Transfer','Kuraimi Deposit','Jayb Deposit') NOT NULL,
  `transfer_sender` varchar(100) DEFAULT NULL,
  `transfer_receiver` varchar(100) DEFAULT NULL,
  `transfer_number` varchar(100) DEFAULT NULL,
  `transfer_company` varchar(100) DEFAULT NULL,
  `is_paid` tinyint(1) DEFAULT 1,
  `is_returned` tinyint(1) DEFAULT 0,
  `debt_type` enum('Daily','Monthly','Yearly','Deferred') DEFAULT NULL,
  `notes` text DEFAULT NULL,
  `created_at` timestamp NOT NULL DEFAULT current_timestamp(),
  `created_by` int(11) DEFAULT NULL
) ENGINE=InnoDB DEFAULT CHARSET=utf8mb4 COLLATE=utf8mb4_general_ci;

--
-- Dumping data for table `sales`
--

INSERT INTO `sales` (`id`, `sale_date`, `due_date`, `customer_id`, `qat_type_id`, `purchase_id`, `leftover_id`, `qat_status`, `weight_grams`, `returned_kg`, `unit_type`, `quantity_units`, `returned_units`, `price`, `paid_amount`, `discount`, `refund_amount`, `payment_method`, `transfer_sender`, `transfer_receiver`, `transfer_number`, `transfer_company`, `is_paid`, `is_returned`, `debt_type`, `notes`, `created_at`, `created_by`) VALUES
(1, '2026-05-12', '2026-05-12', 1, 5, 1, NULL, 'Tari', '710.00', '0.000', 'weight', 0, 0, '63000.00', '0.00', '0.00', '0.00', 'Debt', NULL, NULL, NULL, NULL, 0, 0, 'Monthly', '', '2026-05-12 15:06:50', NULL),
(2, '2026-05-12', '2026-05-12', 2, 5, 1, NULL, 'Tari', '450.00', '0.000', 'weight', 0, 0, '40000.00', '40000.00', '0.00', '0.00', 'Internal Transfer', 'عبدالرحمن الحذيفي', 'عبدالله النهاري', '17788392322486', 'جيب', 1, 0, NULL, '', '2026-05-12 15:10:27', NULL),
(3, '2026-05-12', '2026-05-12', 3, 5, 1, NULL, 'Tari', '500.00', '0.000', 'weight', 0, 0, '45000.00', '0.00', '0.00', '0.00', 'Debt', NULL, NULL, NULL, NULL, 0, 0, 'Yearly', '', '2026-05-12 15:12:33', NULL),
(4, '2026-05-12', '2026-05-12', 4, 5, 1, NULL, 'Tari', '510.00', '0.000', 'weight', 0, 0, '45000.00', '45000.00', '0.00', '0.00', 'Cash', NULL, NULL, NULL, NULL, 1, 0, NULL, '', '2026-05-12 15:14:00', NULL),
(6, '2026-05-12', '2026-05-13', 6, 5, 1, NULL, 'Tari', '160.00', '0.000', 'weight', 0, 0, '13000.00', '0.00', '0.00', '0.00', 'Debt', NULL, NULL, NULL, NULL, 0, 0, 'Deferred', '', '2026-05-12 15:16:47', NULL),
(7, '2026-05-12', '2026-05-12', 7, 5, 1, NULL, 'Tari', '160.00', '0.000', 'weight', 0, 0, '13000.00', '13000.00', '0.00', '0.00', 'Cash', NULL, NULL, NULL, NULL, 1, 0, NULL, '', '2026-05-12 15:17:34', NULL),
(8, '2026-05-12', '2026-05-13', 8, 5, 1, NULL, 'Tari', '150.00', '0.000', 'weight', 0, 0, '12000.00', '0.00', '0.00', '0.00', 'Debt', NULL, NULL, NULL, NULL, 0, 0, 'Deferred', '', '2026-05-12 15:18:57', NULL),
(14, '2026-05-12', '2026-05-12', 13, 5, 4, NULL, 'Tari', '1000.00', '0.000', 'weight', 0, 0, '80000.00', '0.00', '0.00', '0.00', 'Debt', NULL, NULL, NULL, NULL, 0, 0, 'Yearly', '', '2026-05-12 15:57:10', NULL),
(15, '2026-05-12', '2026-05-12', 14, 5, 4, NULL, 'Tari', '1000.00', '0.000', 'weight', 0, 0, '80000.00', '0.00', '0.00', '0.00', 'Debt', NULL, NULL, NULL, NULL, 0, 0, 'Monthly', '', '2026-05-12 15:57:45', NULL),
(16, '2026-05-12', '2026-05-12', 16, 5, 4, NULL, 'Tari', '320.00', '0.000', 'weight', 0, 0, '25000.00', '25000.00', '0.00', '0.00', 'Cash', NULL, NULL, NULL, NULL, 1, 0, NULL, '', '2026-05-12 15:59:22', NULL),
(17, '2026-05-12', '2026-05-13', 17, 5, 4, NULL, 'Tari', '410.00', '0.000', 'weight', 0, 0, '32000.00', '0.00', '0.00', '0.00', 'Debt', NULL, NULL, NULL, NULL, 0, 0, 'Deferred', '', '2026-05-12 16:01:13', NULL),
(18, '2026-05-12', '2026-05-12', 15, 5, 4, NULL, 'Tari', '1010.00', '0.000', 'weight', 0, 0, '70000.00', '70000.00', '0.00', '0.00', 'Cash', NULL, NULL, NULL, NULL, 1, 0, NULL, '', '2026-05-12 16:02:02', NULL),
(19, '2026-05-12', '2026-05-13', 18, 5, 4, NULL, 'Tari', '250.00', '0.000', 'weight', 0, 0, '20000.00', '0.00', '0.00', '0.00', 'Debt', NULL, NULL, NULL, NULL, 0, 0, 'Deferred', '', '2026-05-12 16:02:58', NULL),
(20, '2026-05-12', '2026-05-12', 4, 5, 4, NULL, 'Tari', '410.00', '0.000', 'weight', 0, 0, '30000.00', '30000.00', '0.00', '0.00', 'Cash', NULL, NULL, NULL, NULL, 1, 0, NULL, '', '2026-05-12 16:03:34', NULL),
(21, '2026-05-12', '2026-05-12', 5, 5, 1, NULL, 'Tari', '1020.00', '0.000', 'weight', 0, 0, '90000.00', '0.00', '0.00', '0.00', 'Debt', NULL, NULL, NULL, NULL, 0, 0, 'Yearly', '', '2026-05-12 16:09:22', NULL),
(22, '2026-05-12', '2026-05-12', 19, 7, 3, NULL, 'Tari', '500.00', '0.000', 'weight', 0, 0, '30000.00', '0.00', '0.00', '0.00', 'Debt', NULL, NULL, NULL, NULL, 0, 0, 'Monthly', '', '2026-05-12 16:18:55', NULL),
(23, '2026-05-12', '2026-05-12', 20, 7, 3, NULL, 'Tari', '500.00', '0.000', 'weight', 0, 0, '35000.00', '0.00', '0.00', '0.00', 'Debt', NULL, NULL, NULL, NULL, 0, 0, 'Monthly', '', '2026-05-12 16:19:26', NULL),
(24, '2026-05-12', '2026-05-12', 21, 7, 3, NULL, 'Tari', '500.00', '0.000', 'weight', 0, 0, '35000.00', '0.00', '0.00', '0.00', 'Debt', NULL, NULL, NULL, NULL, 0, 0, 'Monthly', '', '2026-05-12 16:20:32', NULL),
(25, '2026-05-12', '2026-05-12', 22, 7, 3, NULL, 'Tari', '500.00', '0.000', 'weight', 0, 0, '45000.00', '0.00', '0.00', '0.00', 'Debt', NULL, NULL, NULL, NULL, 0, 0, 'Monthly', '', '2026-05-12 16:21:30', NULL),
(26, '2026-05-12', '2026-05-13', 17, 6, 2, NULL, 'Tari', '710.00', '0.000', 'weight', 0, 0, '25000.00', '0.00', '0.00', '0.00', 'Debt', NULL, NULL, NULL, NULL, 0, 0, 'Deferred', '', '2026-05-12 16:58:49', NULL),
(27, '2026-05-12', '2026-05-13', 18, 2, 5, NULL, 'Tari', '50.00', '0.000', 'weight', 0, 0, '3000.00', '0.00', '0.00', '0.00', 'Debt', NULL, NULL, NULL, NULL, 0, 0, 'Deferred', '', '2026-05-12 17:19:13', NULL),
(28, '2026-05-12', '2026-05-12', 24, 2, 5, NULL, 'Tari', '150.00', '0.000', 'weight', 0, 0, '8000.00', '0.00', '0.00', '0.00', 'Debt', NULL, NULL, NULL, NULL, 0, 0, 'Monthly', '', '2026-05-12 17:20:38', NULL),
(29, '2026-05-12', '2026-05-12', 25, 2, 5, NULL, 'Tari', '500.00', '0.000', 'weight', 0, 0, '25000.00', '0.00', '0.00', '0.00', 'Debt', NULL, NULL, NULL, NULL, 0, 0, 'Monthly', '', '2026-05-12 17:21:37', NULL),
(30, '2026-05-12', '2026-05-12', 14, 8, 6, NULL, 'Tari', '510.00', '0.000', 'weight', 0, 0, '20000.00', '0.00', '0.00', '0.00', 'Debt', NULL, NULL, NULL, NULL, 0, 0, 'Monthly', '', '2026-05-12 18:35:29', NULL),
(33, '2026-05-12', '2026-05-12', 26, 8, 6, NULL, 'Tari', '205.00', '0.000', 'weight', 0, 0, '7000.00', '0.00', '0.00', '0.00', 'Debt', NULL, NULL, NULL, NULL, 0, 0, 'Monthly', '', '2026-05-12 18:36:20', NULL),
(34, '2026-05-12', '2026-05-12', 27, 8, 6, NULL, 'Tari', '200.00', '0.000', 'weight', 0, 0, '8000.00', '0.00', '0.00', '0.00', 'Debt', NULL, NULL, NULL, NULL, 0, 0, 'Monthly', '', '2026-05-12 18:37:13', NULL),
(35, '2026-05-12', '2026-05-12', 28, 8, 6, NULL, 'Tari', '310.00', '0.000', 'weight', 0, 0, '12000.00', '12000.00', '0.00', '0.00', 'Cash', NULL, NULL, NULL, NULL, 1, 0, NULL, '', '2026-05-12 18:38:14', NULL),
(36, '2026-05-12', '2026-05-12', 29, 8, 6, NULL, 'Tari', '150.00', '0.000', 'weight', 0, 0, '6000.00', '0.00', '0.00', '0.00', 'Debt', NULL, NULL, NULL, NULL, 0, 0, 'Monthly', '', '2026-05-12 18:40:10', NULL),
(37, '2026-05-12', '2026-05-12', 30, 8, 6, NULL, 'Tari', '310.00', '0.000', 'weight', 0, 0, '10000.00', '0.00', '0.00', '0.00', 'Debt', NULL, NULL, NULL, NULL, 0, 0, 'Monthly', '', '2026-05-12 18:41:28', NULL),
(38, '2026-05-12', '2026-05-12', 31, 8, 6, NULL, 'Tari', '410.00', '0.000', 'weight', 0, 0, '12000.00', '0.00', '0.00', '0.00', 'Debt', NULL, NULL, NULL, NULL, 0, 0, 'Monthly', '', '2026-05-12 18:42:20', NULL),
(39, '2026-05-12', '2026-05-12', 32, 8, 6, NULL, 'Tari', '415.00', '0.000', 'weight', 0, 0, '11000.00', '11000.00', '0.00', '0.00', 'Cash', NULL, NULL, NULL, NULL, 1, 0, NULL, '', '2026-05-12 18:43:13', NULL),
(40, '2026-05-12', '2026-05-13', 28, 8, 6, NULL, 'Tari', '410.00', '0.000', 'weight', 0, 0, '12000.00', '0.00', '0.00', '0.00', 'Debt', NULL, NULL, NULL, NULL, 0, 0, 'Deferred', '', '2026-05-12 18:44:13', NULL),
(41, '2026-05-12', '2026-05-12', 5, 8, 6, NULL, 'Tari', '420.00', '0.000', 'weight', 0, 0, '15000.00', '0.00', '0.00', '0.00', 'Debt', NULL, NULL, NULL, NULL, 0, 0, 'Yearly', '', '2026-05-12 20:09:12', NULL),
(42, '2026-05-13', '2026-05-13', 4, 1, 10, NULL, 'Tari', '310.00', '0.000', 'weight', 0, 0, '15000.00', '15000.00', '0.00', '0.00', 'Cash', NULL, NULL, NULL, NULL, 1, 0, NULL, '', '2026-05-13 17:35:39', NULL),
(43, '2026-05-13', '2026-05-13', 33, 2, 11, NULL, 'Tari', '510.00', '0.000', 'weight', 0, 0, '25000.00', '0.00', '0.00', '0.00', 'Debt', NULL, NULL, NULL, NULL, 0, 0, 'Monthly', '', '2026-05-13 17:36:54', NULL),
(44, '2026-05-13', '2026-05-13', 16, 5, 8, NULL, 'Tari', '320.00', '0.000', 'weight', 0, 0, '30000.00', '30000.00', '0.00', '0.00', 'Cash', NULL, NULL, NULL, NULL, 1, 0, NULL, '', '2026-05-13 17:40:34', NULL),
(45, '2026-05-13', '2026-05-14', 17, 5, 8, NULL, 'Tari', '410.00', '0.000', 'weight', 0, 0, '35000.00', '0.00', '0.00', '0.00', 'Debt', NULL, NULL, NULL, NULL, 0, 0, 'Deferred', '', '2026-05-13 17:51:18', NULL),
(46, '2026-05-13', '2026-05-13', 4, 5, 8, NULL, 'Tari', '1020.00', '0.000', 'weight', 0, 0, '85000.00', '85000.00', '0.00', '0.00', 'Cash', NULL, NULL, NULL, NULL, 1, 0, NULL, '', '2026-05-13 17:57:28', NULL),
(47, '2026-05-13', '2026-05-13', 34, 5, 8, NULL, 'Tari', '650.00', '0.000', 'weight', 0, 0, '54000.00', '54000.00', '0.00', '0.00', 'Cash', NULL, NULL, NULL, NULL, 1, 0, NULL, '', '2026-05-13 17:58:43', NULL),
(48, '2026-05-13', '2026-05-14', 34, 5, 8, NULL, 'Tari', '70.00', '0.000', 'weight', 0, 0, '3000.00', '0.00', '0.00', '0.00', 'Debt', NULL, NULL, NULL, NULL, 0, 0, 'Deferred', '', '2026-05-13 17:59:17', NULL),
(49, '2026-05-13', '2026-05-13', 3, 5, 8, NULL, 'Tari', '600.00', '0.000', 'weight', 0, 0, '60000.00', '0.00', '0.00', '0.00', 'Debt', NULL, NULL, NULL, NULL, 0, 0, 'Yearly', '', '2026-05-13 18:00:10', NULL),
(50, '2026-05-13', '2026-05-13', 4, 5, 8, NULL, 'Tari', '850.00', '0.000', 'weight', 0, 0, '67000.00', '67000.00', '0.00', '0.00', 'Cash', NULL, NULL, NULL, NULL, 1, 0, NULL, '', '2026-05-13 18:01:12', NULL),
(51, '2026-05-13', '2026-05-14', 28, 5, 8, NULL, 'Tari', '60.00', '0.000', 'weight', 0, 0, '3000.00', '0.00', '0.00', '0.00', 'Debt', NULL, NULL, NULL, NULL, 0, 0, 'Deferred', '', '2026-05-13 18:02:14', NULL),
(52, '2026-05-13', '2026-05-14', 35, 5, 8, NULL, 'Tari', '410.00', '0.000', 'weight', 0, 0, '32000.00', '0.00', '0.00', '0.00', 'Debt', NULL, NULL, NULL, NULL, 0, 0, 'Deferred', '', '2026-05-13 18:03:12', NULL),
(53, '2026-05-13', '2026-05-13', 36, 5, 8, NULL, 'Tari', '1000.00', '0.000', 'weight', 0, 0, '90000.00', '90000.00', '0.00', '0.00', 'Cash', NULL, NULL, NULL, NULL, 1, 0, NULL, '', '2026-05-13 18:05:27', NULL),
(54, '2026-05-13', '2026-05-13', 4, 5, 8, NULL, 'Tari', '200.00', '0.000', 'weight', 0, 0, '16000.00', '16000.00', '0.00', '0.00', 'Cash', NULL, NULL, NULL, NULL, 1, 0, NULL, '', '2026-05-13 18:06:38', NULL),
(55, '2026-05-13', '2026-05-13', 36, 5, 8, NULL, 'Tari', '310.00', '0.000', 'weight', 0, 0, '29000.00', '0.00', '0.00', '0.00', 'Debt', NULL, NULL, NULL, NULL, 0, 0, 'Monthly', '', '2026-05-13 18:07:15', NULL),
(56, '2026-05-13', '2026-05-13', 5, 5, 8, NULL, 'Tari', '910.00', '0.000', 'weight', 0, 0, '90000.00', '0.00', '0.00', '0.00', 'Debt', NULL, NULL, NULL, NULL, 0, 0, 'Yearly', '', '2026-05-13 18:07:48', NULL),
(57, '2026-05-13', '2026-05-13', 4, 5, 8, NULL, 'Tari', '310.00', '0.000', 'weight', 0, 0, '27000.00', '27000.00', '0.00', '0.00', 'Cash', NULL, NULL, NULL, NULL, 1, 0, NULL, '', '2026-05-13 18:08:27', NULL),
(58, '2026-05-13', '2026-05-14', 6, 5, 8, NULL, 'Tari', '160.00', '0.000', 'weight', 0, 0, '15000.00', '0.00', '0.00', '0.00', 'Debt', NULL, NULL, NULL, NULL, 0, 0, 'Deferred', '', '2026-05-13 18:09:03', NULL),
(59, '2026-05-13', '2026-05-13', 7, 5, 8, NULL, 'Tari', '160.00', '0.000', 'weight', 0, 0, '15000.00', '15000.00', '0.00', '0.00', 'Cash', NULL, NULL, NULL, NULL, 1, 0, NULL, '', '2026-05-13 18:09:33', NULL),
(60, '2026-05-13', '2026-05-14', 37, 5, 8, NULL, 'Tari', '110.00', '0.000', 'weight', 0, 0, '10000.00', '0.00', '0.00', '0.00', 'Debt', NULL, NULL, NULL, NULL, 0, 0, 'Deferred', '', '2026-05-13 18:10:24', NULL),
(61, '2026-05-13', '2026-05-13', 38, 5, 8, NULL, 'Tari', '610.00', '0.000', 'weight', 0, 0, '60000.00', '0.00', '0.00', '0.00', 'Debt', NULL, NULL, NULL, NULL, 0, 0, 'Monthly', '', '2026-05-13 18:12:42', NULL),
(62, '2026-05-13', '2026-05-13', 19, 7, 9, NULL, 'Tari', '500.00', '0.000', 'weight', 0, 0, '35000.00', '0.00', '0.00', '0.00', 'Debt', NULL, NULL, NULL, NULL, 0, 0, 'Monthly', '', '2026-05-13 19:44:46', NULL),
(63, '2026-05-13', '2026-05-13', 22, 7, 9, NULL, 'Tari', '500.00', '0.000', 'weight', 0, 0, '45000.00', '0.00', '0.00', '0.00', 'Debt', NULL, NULL, NULL, NULL, 0, 0, 'Monthly', '', '2026-05-13 19:45:22', NULL),
(64, '2026-05-13', '2026-05-13', 20, 7, 9, NULL, 'Tari', '500.00', '0.000', 'weight', 0, 0, '40000.00', '0.00', '0.00', '0.00', 'Debt', NULL, NULL, NULL, NULL, 0, 0, 'Monthly', '', '2026-05-13 19:45:45', NULL),
(65, '2026-05-13', '2026-05-13', 21, 7, 9, NULL, 'Tari', '500.00', '0.000', 'weight', 0, 0, '40000.00', '0.00', '0.00', '0.00', 'Debt', NULL, NULL, NULL, NULL, 0, 0, 'Monthly', '', '2026-05-13 19:46:09', NULL),
(66, '2026-05-13', '2026-05-13', 39, 6, 7, 12, 'Leftover1', '420.00', '0.000', 'weight', 0, 0, '10000.00', '0.00', '0.00', '0.00', 'Debt', NULL, NULL, NULL, NULL, 0, 0, 'Monthly', '', '2026-05-13 19:56:04', NULL),
(67, '2026-05-13', '2026-05-13', 40, 3, 12, NULL, 'Tari', '360.00', '0.000', 'weight', 0, 0, '5000.00', '0.00', '0.00', '0.00', 'Debt', NULL, NULL, NULL, NULL, 0, 0, 'Monthly', '', '2026-05-13 19:57:38', NULL),
(68, '2026-05-13', '2026-05-13', 4, 3, 12, NULL, 'Tari', '410.00', '0.000', 'weight', 0, 0, '7000.00', '7000.00', '0.00', '0.00', 'Internal Transfer', 'محمد العزي', 'محمد القادري', '17789495406906', 'جيب', 1, 0, NULL, '', '2026-05-13 20:04:45', NULL),
(69, '2026-05-13', '2026-05-13', 4, 3, 12, NULL, 'Tari', '250.00', '0.000', 'weight', 0, 0, '4000.00', '4000.00', '0.00', '0.00', 'Cash', NULL, NULL, NULL, NULL, 1, 0, NULL, '', '2026-05-13 20:52:44', NULL),
(70, '2026-05-14', '2026-05-15', 41, 5, 14, NULL, 'Tari', '250.00', '0.000', 'weight', 0, 0, '20000.00', '0.00', '0.00', '0.00', 'Debt', NULL, NULL, NULL, NULL, 0, 0, 'Deferred', '', '2026-05-14 15:06:58', NULL),
(71, '2026-05-14', '2026-05-14', 42, 5, 14, NULL, 'Tari', '200.00', '0.000', 'weight', 0, 0, '20000.00', '20000.00', '0.00', '0.00', 'Cash', NULL, NULL, NULL, NULL, 1, 0, NULL, '', '2026-05-14 15:09:44', NULL),
(72, '2026-05-14', '2026-05-15', 42, 5, 14, NULL, 'Tari', '300.00', '0.000', 'weight', 0, 0, '30000.00', '0.00', '0.00', '0.00', 'Debt', NULL, NULL, NULL, NULL, 0, 0, 'Deferred', '', '2026-05-14 15:10:26', NULL),
(73, '2026-05-14', '2026-05-14', 1, 5, 14, NULL, 'Tari', '2200.00', '0.000', 'weight', 0, 0, '220000.00', '0.00', '0.00', '0.00', 'Debt', NULL, NULL, NULL, NULL, 0, 0, 'Monthly', '', '2026-05-14 15:11:13', NULL),
(74, '2026-05-14', '2026-05-14', 4, 5, 14, NULL, 'Tari', '500.00', '0.000', 'weight', 0, 0, '35000.00', '35000.00', '0.00', '0.00', 'Cash', NULL, NULL, NULL, NULL, 1, 0, NULL, '', '2026-05-14 15:11:45', NULL),
(75, '2026-05-14', '2026-05-14', 14, 5, 14, NULL, 'Tari', '1500.00', '0.000', 'weight', 0, 0, '150000.00', '0.00', '0.00', '0.00', 'Debt', NULL, NULL, NULL, NULL, 0, 0, 'Monthly', '', '2026-05-14 15:12:25', NULL),
(76, '2026-05-14', '2026-05-15', 37, 5, 14, NULL, 'Tari', '100.00', '0.000', 'weight', 0, 0, '10000.00', '0.00', '0.00', '0.00', 'Debt', NULL, NULL, NULL, NULL, 0, 0, 'Deferred', '', '2026-05-14 15:12:54', NULL),
(77, '2026-05-14', '2026-05-15', 43, 5, 14, NULL, 'Tari', '400.00', '0.000', 'weight', 0, 0, '35000.00', '0.00', '0.00', '0.00', 'Debt', NULL, NULL, NULL, NULL, 0, 0, 'Deferred', '', '2026-05-14 15:22:43', NULL),
(78, '2026-05-14', '2026-05-14', 4, 5, 14, NULL, 'Tari', '350.00', '0.000', 'weight', 0, 0, '30000.00', '30000.00', '0.00', '0.00', 'Cash', NULL, NULL, NULL, NULL, 1, 0, NULL, '', '2026-05-14 15:23:26', NULL),
(79, '2026-05-14', '2026-05-14', 30, 5, 14, NULL, 'Tari', '510.00', '0.000', 'weight', 0, 0, '40000.00', '0.00', '0.00', '0.00', 'Debt', NULL, NULL, NULL, NULL, 0, 0, 'Monthly', '', '2026-05-14 15:25:00', NULL),
(80, '2026-05-14', '2026-05-14', 2, 5, 14, NULL, 'Tari', '400.00', '0.000', 'weight', 0, 0, '36000.00', '0.00', '0.00', '0.00', 'Debt', NULL, NULL, NULL, NULL, 0, 0, 'Monthly', '', '2026-05-14 15:25:47', NULL),
(81, '2026-05-14', '2026-05-14', 38, 5, 14, NULL, 'Tari', '380.00', '0.000', 'weight', 0, 0, '38000.00', '0.00', '0.00', '0.00', 'Debt', NULL, NULL, NULL, NULL, 0, 0, 'Monthly', '', '2026-05-14 15:27:00', NULL),
(82, '2026-05-14', '2026-05-14', 4, 5, 14, NULL, 'Tari', '500.00', '0.000', 'weight', 0, 0, '40000.00', '40000.00', '0.00', '0.00', 'Cash', NULL, NULL, NULL, NULL, 1, 0, NULL, '', '2026-05-14 15:27:33', NULL),
(83, '2026-05-14', '2026-05-15', 6, 5, 14, NULL, 'Tari', '150.00', '0.000', 'weight', 0, 0, '15000.00', '0.00', '0.00', '0.00', 'Debt', NULL, NULL, NULL, NULL, 0, 0, 'Deferred', '', '2026-05-14 15:28:12', NULL),
(84, '2026-05-14', '2026-05-14', 7, 5, 14, NULL, 'Tari', '150.00', '0.000', 'weight', 0, 0, '15000.00', '15000.00', '0.00', '0.00', 'Cash', NULL, NULL, NULL, NULL, 1, 0, NULL, '', '2026-05-14 15:28:40', NULL),
(85, '2026-05-14', '2026-05-14', 16, 5, 17, NULL, 'Tari', '300.00', '0.000', 'weight', 0, 0, '27000.00', '27000.00', '0.00', '0.00', 'Cash', NULL, NULL, NULL, NULL, 1, 0, NULL, '', '2026-05-14 15:45:15', NULL),
(86, '2026-05-14', '2026-05-14', 5, 5, 17, NULL, 'Tari', '1600.00', '0.000', 'weight', 0, 0, '144000.00', '0.00', '0.00', '0.00', 'Debt', NULL, NULL, NULL, NULL, 0, 0, 'Yearly', '', '2026-05-14 15:47:23', NULL),
(87, '2026-05-14', '2026-05-14', 44, 5, 17, NULL, 'Tari', '500.00', '0.000', 'weight', 0, 0, '45000.00', '0.00', '0.00', '0.00', 'Debt', NULL, NULL, NULL, NULL, 0, 0, 'Yearly', '', '2026-05-14 15:48:25', NULL),
(88, '2026-05-14', '2026-05-14', 45, 5, 17, NULL, 'Tari', '400.00', '0.000', 'weight', 0, 0, '36000.00', '0.00', '0.00', '0.00', 'Debt', NULL, NULL, NULL, NULL, 0, 0, 'Yearly', '', '2026-05-14 15:49:28', NULL),
(89, '2026-05-14', '2026-05-14', 4, 5, 17, NULL, 'Tari', '150.00', '0.000', 'weight', 0, 0, '15000.00', '15000.00', '0.00', '0.00', 'Cash', NULL, NULL, NULL, NULL, 1, 0, NULL, '', '2026-05-14 15:50:40', NULL),
(90, '2026-05-14', '2026-05-14', 46, 5, 17, NULL, 'Tari', '150.00', '0.000', 'weight', 0, 0, '15000.00', '0.00', '0.00', '0.00', 'Debt', NULL, NULL, NULL, NULL, 0, 0, 'Monthly', '', '2026-05-14 15:51:33', NULL),
(91, '2026-05-14', '2026-05-14', 4, 5, 17, NULL, 'Tari', '400.00', '0.000', 'weight', 0, 0, '36000.00', '36000.00', '0.00', '0.00', 'Cash', NULL, NULL, NULL, NULL, 1, 0, NULL, '', '2026-05-14 15:54:04', NULL),
(92, '2026-05-14', '2026-05-14', 4, 5, 17, NULL, 'Tari', '450.00', '0.000', 'weight', 0, 0, '40000.00', '40000.00', '0.00', '0.00', 'Cash', NULL, NULL, NULL, NULL, 1, 0, NULL, '', '2026-05-14 15:55:25', NULL),
(93, '2026-05-14', '2026-05-15', 47, 5, 17, NULL, 'Tari', '50.00', '0.000', 'weight', 0, 0, '5000.00', '0.00', '0.00', '0.00', 'Debt', NULL, NULL, NULL, NULL, 0, 0, 'Deferred', '', '2026-05-14 15:56:51', NULL),
(94, '2026-05-14', '2026-05-14', 3, 5, 17, NULL, 'Tari', '600.00', '0.000', 'weight', 0, 0, '54000.00', '0.00', '0.00', '0.00', 'Debt', NULL, NULL, NULL, NULL, 0, 0, 'Yearly', '', '2026-05-14 15:57:42', NULL),
(95, '2026-05-14', '2026-05-14', 48, 5, 17, NULL, 'Tari', '500.00', '0.000', 'weight', 0, 0, '40000.00', '0.00', '0.00', '0.00', 'Debt', NULL, NULL, NULL, NULL, 0, 0, 'Monthly', '', '2026-05-14 15:59:04', NULL),
(96, '2026-05-14', '2026-05-14', 22, 9, 15, NULL, 'Tari', '500.00', '0.000', 'weight', 0, 0, '50000.00', '0.00', '0.00', '0.00', 'Debt', NULL, NULL, NULL, NULL, 0, 0, 'Monthly', '', '2026-05-14 19:48:03', NULL),
(97, '2026-05-14', '2026-05-14', 49, 10, 18, NULL, 'Tari', '1000.00', '0.000', 'weight', 0, 0, '100000.00', '0.00', '0.00', '0.00', 'Debt', NULL, NULL, NULL, NULL, 0, 0, 'Yearly', '', '2026-05-14 19:50:03', NULL),
(98, '2026-05-14', '2026-05-14', 4, 3, 22, NULL, 'Tari', '350.00', '0.000', 'weight', 0, 0, '15000.00', '15000.00', '0.00', '0.00', 'Cash', NULL, NULL, NULL, NULL, 1, 0, NULL, '', '2026-05-14 19:50:45', NULL),
(99, '2026-05-14', '2026-05-14', 50, 10, 18, NULL, 'Tari', '500.00', '0.000', 'weight', 0, 0, '45000.00', '45000.00', '0.00', '0.00', 'Internal Transfer', 'عبدالرحيم الحوري', 'محمد القادري', '5326532', 'جيب', 1, 0, NULL, '', '2026-05-14 19:51:59', NULL),
(100, '2026-05-14', '2026-05-14', 21, 10, 18, NULL, 'Tari', '500.00', '0.500', 'weight', 0, 0, '40000.00', '0.00', '0.00', '40000.00', 'Debt', NULL, NULL, NULL, NULL, 0, 0, 'Monthly', '', '2026-05-14 19:54:01', NULL),
(101, '2026-05-14', '2026-05-14', 21, 10, 18, NULL, 'Tari', '500.00', '0.000', 'weight', 0, 0, '40000.00', '0.00', '0.00', '0.00', 'Debt', NULL, NULL, NULL, NULL, 0, 0, 'Monthly', '', '2026-05-14 19:54:05', NULL),
(102, '2026-05-14', '2026-05-14', 19, 6, 21, NULL, 'Tari', '1500.00', '1.500', 'weight', 0, 0, '45000.00', '0.00', '0.00', '45000.00', 'Debt', NULL, NULL, NULL, NULL, 0, 0, 'Monthly', '', '2026-05-14 19:55:41', NULL),
(103, '2026-05-14', '2026-05-14', 4, 6, 21, NULL, 'Tari', '480.00', '0.000', 'weight', 0, 0, '13000.00', '13000.00', '0.00', '0.00', 'Cash', NULL, NULL, NULL, NULL, 1, 0, NULL, '', '2026-05-14 19:56:26', NULL),
(104, '2026-05-14', '2026-05-14', 4, 6, 21, NULL, 'Tari', '100.00', '0.000', 'weight', 0, 0, '5000.00', '5000.00', '0.00', '0.00', 'Internal Transfer', 'زبون', 'محمد القادري', '18652348643', 'جيب', 1, 0, NULL, '', '2026-05-14 19:58:17', NULL),
(105, '2026-05-14', '2026-05-14', 29, 6, 21, NULL, 'Tari', '100.00', '0.000', 'weight', 0, 0, '3000.00', '0.00', '0.00', '0.00', 'Debt', NULL, NULL, NULL, NULL, 0, 0, 'Monthly', '', '2026-05-14 20:00:09', NULL),
(106, '2026-05-14', '2026-05-14', 19, 10, 18, NULL, 'Tari', '500.00', '0.000', 'weight', 0, 0, '35000.00', '0.00', '0.00', '0.00', 'Debt', NULL, NULL, NULL, NULL, 0, 0, 'Monthly', '', '2026-05-14 20:01:54', NULL),
(107, '2026-05-14', '2026-05-14', 4, 6, 21, NULL, 'Tari', '100.00', '0.000', 'weight', 0, 0, '2500.00', '2500.00', '0.00', '0.00', 'Cash', NULL, NULL, NULL, NULL, 1, 0, NULL, '', '2026-05-14 20:04:17', NULL),
(108, '2026-05-14', '2026-05-14', 51, 11, 20, NULL, 'Tari', '500.00', '0.000', 'weight', 0, 0, '28000.00', '28000.00', '0.00', '0.00', 'Internal Transfer', 'يونس سعيد ', 'محمد القادري', '4251368', 'الكريمي', 1, 0, NULL, '', '2026-05-14 20:04:34', NULL),
(109, '2026-05-14', '2026-05-14', 4, 6, 21, NULL, 'Tari', '220.00', '0.000', 'weight', 0, 0, '8000.00', '8000.00', '0.00', '0.00', 'Cash', NULL, NULL, NULL, NULL, 1, 0, NULL, '', '2026-05-14 20:14:33', NULL),
(110, '2026-05-14', '2026-05-14', 19, 6, 21, NULL, 'Tari', '1500.00', '0.000', 'weight', 0, 0, '45000.00', '0.00', '0.00', '0.00', 'Debt', NULL, NULL, NULL, NULL, 0, 0, 'Monthly', '', '2026-05-14 20:21:10', NULL),
(111, '2026-05-14', '2026-05-14', 20, 10, 18, NULL, 'Tari', '500.00', '0.000', 'weight', 0, 0, '40000.00', '0.00', '0.00', '0.00', 'Debt', NULL, NULL, NULL, NULL, 0, 0, 'Monthly', '', '2026-05-14 20:22:47', NULL),
(112, '2026-05-15', '2026-05-15', 4, 3, 12, 19, 'Leftover1', '250.00', '0.000', 'weight', 0, 0, '4000.00', '4000.00', '0.00', '0.00', 'Cash', NULL, NULL, NULL, NULL, 1, 0, NULL, '', '2026-05-14 21:38:09', NULL),
(113, '2026-05-15', '2026-05-15', 33, 6, 13, 20, 'Leftover1', '420.00', '0.000', 'weight', 0, 0, '10000.00', '0.00', '0.00', '0.00', 'Debt', NULL, NULL, NULL, NULL, 0, 0, 'Monthly', '', '2026-05-14 21:40:04', NULL),
(114, '2026-05-15', '2026-05-15', 4, 6, 13, 20, 'Leftover1', '250.00', '0.000', 'weight', 0, 0, '3500.00', '3500.00', '0.00', '0.00', 'Cash', NULL, NULL, NULL, NULL, 1, 0, NULL, '', '2026-05-14 21:40:38', NULL),
(115, '2026-05-15', '2026-05-15', 52, 6, 13, 20, 'Leftover1', '500.00', '0.000', 'weight', 0, 0, '8000.00', '8000.00', '0.00', '0.00', 'Cash', NULL, NULL, NULL, NULL, 1, 0, NULL, '', '2026-05-14 21:42:45', NULL),
(116, '2026-05-15', '2026-05-15', 4, 6, 13, 20, 'Leftover1', '500.00', '0.000', 'weight', 0, 0, '5000.00', '5000.00', '0.00', '0.00', 'Cash', NULL, NULL, NULL, NULL, 1, 0, NULL, '', '2026-05-14 21:58:20', NULL),
(117, '2026-05-15', '2026-05-15', 39, 6, 13, 20, 'Leftover1', '310.00', '0.000', 'weight', 0, 0, '5000.00', '0.00', '0.00', '0.00', 'Debt', NULL, NULL, NULL, NULL, 0, 0, 'Monthly', '', '2026-05-14 22:01:15', NULL),
(118, '2026-05-15', '2026-05-15', 4, 6, 13, 20, 'Leftover1', '500.00', '0.000', 'weight', 0, 0, '7000.00', '7000.00', '0.00', '0.00', 'Cash', NULL, NULL, NULL, NULL, 1, 0, NULL, '', '2026-05-14 22:01:43', NULL),
(119, '2026-05-15', '2026-05-15', 4, 1, 10, 17, 'Leftover1', '190.00', '0.000', 'weight', 0, 0, '7000.00', '7000.00', '0.00', '0.00', 'Cash', NULL, NULL, NULL, NULL, 1, 0, NULL, '', '2026-05-14 22:07:26', NULL),
(120, '2026-05-17', '2026-05-17', 3, 5, 23, NULL, 'Tari', '500.00', '0.000', 'weight', 0, 0, '50000.00', '0.00', '0.00', '0.00', 'Debt', NULL, NULL, NULL, NULL, 0, 0, 'Yearly', '', '2026-05-17 09:38:24', NULL),
(121, '2026-05-17', '2026-05-17', 1, 5, 23, NULL, 'Tari', '1020.00', '0.000', 'weight', 0, 0, '100000.00', '0.00', '0.00', '0.00', 'Debt', NULL, NULL, NULL, NULL, 0, 0, 'Monthly', '', '2026-05-17 09:39:02', NULL),
(122, '2026-05-17', '2026-05-17', 5, 5, 23, NULL, 'Tari', '910.00', '0.000', 'weight', 0, 0, '90000.00', '0.00', '0.00', '0.00', 'Debt', NULL, NULL, NULL, NULL, 0, 0, 'Yearly', '', '2026-05-17 09:39:35', NULL),
(123, '2026-05-17', '2026-05-17', 28, 5, 23, NULL, 'Tari', '660.00', '0.000', 'weight', 0, 0, '60000.00', '60000.00', '0.00', '0.00', 'Cash', NULL, NULL, NULL, NULL, 1, 0, NULL, '', '2026-05-17 09:40:17', NULL),
(124, '2026-05-17', '2026-05-17', 42, 5, 23, NULL, 'Tari', '1020.00', '0.000', 'weight', 0, 0, '90000.00', '0.00', '0.00', '0.00', 'Debt', NULL, NULL, NULL, NULL, 0, 0, 'Monthly', '', '2026-05-17 09:41:26', NULL),
(125, '2026-05-17', '2026-05-18', 37, 5, 23, NULL, 'Tari', '200.00', '0.000', 'weight', 0, 0, '18000.00', '0.00', '0.00', '0.00', 'Debt', NULL, NULL, NULL, NULL, 0, 0, 'Deferred', '', '2026-05-17 09:42:14', NULL),
(126, '2026-05-17', '2026-05-18', 6, 5, 23, NULL, 'Tari', '160.00', '0.000', 'weight', 0, 0, '14000.00', '0.00', '0.00', '0.00', 'Debt', NULL, NULL, NULL, NULL, 0, 0, 'Deferred', '', '2026-05-17 09:42:53', NULL),
(127, '2026-05-17', '2026-05-17', 7, 5, 23, NULL, 'Tari', '160.00', '0.000', 'weight', 0, 0, '14000.00', '14000.00', '0.00', '0.00', 'Cash', NULL, NULL, NULL, NULL, 1, 0, NULL, '', '2026-05-17 09:44:19', NULL),
(128, '2026-05-17', '2026-05-17', 53, 5, 23, NULL, 'Tari', '700.00', '0.700', 'weight', 0, 0, '60000.00', '0.00', '0.00', '60000.00', 'Debt', NULL, NULL, NULL, NULL, 0, 0, 'Monthly', '', '2026-05-17 09:45:58', NULL),
(129, '2026-05-17', '2026-05-17', 4, 5, 23, NULL, 'Tari', '700.00', '0.000', 'weight', 0, 0, '60000.00', '60000.00', '0.00', '0.00', 'Cash', NULL, NULL, NULL, NULL, 1, 0, NULL, '', '2026-05-17 12:59:10', NULL),
(130, '2026-05-17', '2026-05-17', 4, 5, 23, NULL, 'Tari', '170.00', '0.000', 'weight', 0, 0, '12000.00', '12000.00', '0.00', '0.00', 'Cash', NULL, NULL, NULL, NULL, 1, 0, NULL, '', '2026-05-17 13:00:30', NULL),
(131, '2026-05-17', '2026-05-17', 54, 8, 25, NULL, 'Tari', '1050.00', '0.000', 'weight', 0, 0, '40000.00', '0.00', '0.00', '0.00', 'Debt', NULL, NULL, NULL, NULL, 0, 0, 'Monthly', '', '2026-05-17 13:01:42', NULL),
(132, '2026-05-17', '2026-05-17', 28, 8, 25, NULL, 'Tari', '410.00', '0.000', 'weight', 0, 0, '15000.00', '15000.00', '0.00', '0.00', 'Cash', NULL, NULL, NULL, NULL, 1, 0, NULL, '', '2026-05-17 13:02:23', NULL),
(133, '2026-05-17', '2026-05-17', 55, 8, 25, NULL, 'Tari', '510.00', '0.000', 'weight', 0, 0, '20000.00', '0.00', '0.00', '0.00', 'Debt', NULL, NULL, NULL, NULL, 0, 0, 'Yearly', '', '2026-05-17 13:04:58', NULL),
(134, '2026-05-17', '2026-05-17', 31, 8, 25, NULL, 'Tari', '250.00', '0.000', 'weight', 0, 0, '10000.00', '0.00', '0.00', '0.00', 'Debt', NULL, NULL, NULL, NULL, 0, 0, 'Monthly', '', '2026-05-17 13:05:57', NULL),
(135, '2026-05-19', '2026-05-19', 43, 5, 26, NULL, 'Tari', '420.00', '0.000', 'weight', 0, 0, '35000.00', '35000.00', '0.00', '0.00', 'Internal Transfer', 'منذر', 'محمد القادري', '1248635845984', 'جيب', 1, 0, NULL, '', '2026-05-19 11:19:25', NULL),
(136, '2026-05-19', '2026-05-19', 5, 5, 26, NULL, 'Tari', '910.00', '0.000', 'weight', 0, 0, '80000.00', '0.00', '0.00', '0.00', 'Debt', NULL, NULL, NULL, NULL, 0, 0, 'Yearly', '', '2026-05-19 11:19:56', NULL),
(137, '2026-05-19', '2026-05-19', 4, 5, 26, NULL, 'Tari', '1530.00', '0.000', 'weight', 0, 0, '135000.00', '135000.00', '0.00', '0.00', 'Cash', NULL, NULL, NULL, NULL, 1, 0, NULL, '', '2026-05-19 11:21:22', NULL),
(138, '2026-05-19', '2026-05-19', 44, 5, 26, NULL, 'Tari', '500.00', '0.000', 'weight', 0, 0, '45000.00', '0.00', '0.00', '0.00', 'Debt', NULL, NULL, NULL, NULL, 0, 0, 'Yearly', '', '2026-05-19 11:22:13', NULL),
(139, '2026-05-19', '2026-05-19', 36, 5, 26, NULL, 'Tari', '1000.00', '0.000', 'weight', 0, 0, '85000.00', '0.00', '0.00', '0.00', 'Debt', NULL, NULL, NULL, NULL, 0, 0, 'Monthly', '', '2026-05-19 11:23:52', NULL),
(140, '2026-05-19', '2026-05-20', 17, 5, 26, NULL, 'Tari', '400.00', '0.000', 'weight', 0, 0, '32000.00', '0.00', '0.00', '0.00', 'Debt', NULL, NULL, NULL, NULL, 0, 0, 'Deferred', '', '2026-05-19 11:26:07', NULL),
(141, '2026-05-19', '2026-05-20', 6, 5, 26, NULL, 'Tari', '210.00', '0.000', 'weight', 0, 0, '18000.00', '0.00', '0.00', '0.00', 'Debt', NULL, NULL, NULL, NULL, 0, 0, 'Deferred', '', '2026-05-19 11:26:36', NULL),
(142, '2026-05-19', '2026-05-19', 28, 5, 26, NULL, 'Tari', '650.00', '0.000', 'weight', 0, 0, '55000.00', '55000.00', '0.00', '0.00', 'Cash', NULL, NULL, NULL, NULL, 1, 0, NULL, '', '2026-05-19 11:27:53', NULL),
(143, '2026-05-19', '2026-05-19', 4, 5, 26, NULL, 'Tari', '430.00', '0.000', 'weight', 0, 0, '40000.00', '40000.00', '0.00', '0.00', 'Cash', NULL, NULL, NULL, NULL, 1, 0, NULL, '', '2026-05-19 11:28:22', NULL),
(144, '2026-05-19', '2026-05-19', 1, 5, 26, NULL, 'Tari', '940.00', '0.000', 'weight', 0, 0, '80000.00', '0.00', '0.00', '0.00', 'Debt', NULL, NULL, NULL, NULL, 0, 0, 'Monthly', '', '2026-05-19 11:29:39', NULL),
(145, '2026-05-19', '2026-05-19', 4, 5, 26, NULL, 'Tari', '100.00', '0.000', 'weight', 0, 0, '8000.00', '8000.00', '0.00', '0.00', 'Cash', NULL, NULL, NULL, NULL, 1, 0, NULL, '', '2026-05-19 11:30:26', NULL),
(146, '2026-05-19', '2026-05-19', 4, 5, 26, NULL, 'Tari', '140.00', '0.000', 'weight', 0, 0, '13000.00', '13000.00', '0.00', '0.00', 'Internal Transfer', 'زبون', 'محمد القادري', '12463587934', 'الكريمي', 1, 0, NULL, '', '2026-05-19 11:32:11', NULL),
(147, '2026-05-19', '2026-05-19', 56, 2, 28, NULL, 'Tari', '410.00', '0.000', 'weight', 0, 0, '25000.00', '0.00', '0.00', '0.00', 'Debt', NULL, NULL, NULL, NULL, 0, 0, 'Monthly', '', '2026-05-19 12:30:19', NULL),
(148, '2026-05-19', '2026-05-19', 45, 2, 28, NULL, 'Tari', '410.00', '0.000', 'weight', 0, 0, '25000.00', '0.00', '0.00', '0.00', 'Debt', NULL, NULL, NULL, NULL, 0, 0, 'Monthly', '', '2026-05-19 12:30:49', NULL),
(149, '2026-05-19', '2026-05-19', 4, 2, 28, NULL, 'Tari', '160.00', '0.000', 'weight', 0, 0, '14000.00', '14000.00', '0.00', '0.00', 'Cash', NULL, NULL, NULL, NULL, 1, 0, NULL, '', '2026-05-19 12:31:18', NULL),
(150, '2026-05-19', '2026-05-19', 4, 2, 28, NULL, 'Tari', '300.00', '0.000', 'weight', 0, 0, '21000.00', '21000.00', '0.00', '0.00', 'Cash', NULL, NULL, NULL, NULL, 1, 0, NULL, '', '2026-05-19 12:31:55', NULL),
(151, '2026-05-19', '2026-05-19', 4, 6, 30, NULL, 'Tari', '1400.00', '0.000', 'weight', 0, 0, '50000.00', '50000.00', '0.00', '0.00', 'Internal Transfer', 'علوي', 'محمد القادري', '214635843218', 'جيب', 1, 0, NULL, '', '2026-05-19 12:37:40', NULL),
(152, '2026-05-19', '2026-05-20', 17, 6, 30, NULL, 'Tari', '510.00', '0.000', 'weight', 0, 0, '15000.00', '0.00', '0.00', '0.00', 'Debt', NULL, NULL, NULL, NULL, 0, 0, 'Deferred', '', '2026-05-19 12:40:03', NULL),
(153, '2026-05-19', '2026-05-19', 28, 6, 30, NULL, 'Tari', '310.00', '0.000', 'weight', 0, 0, '15000.00', '15000.00', '0.00', '0.00', 'Cash', NULL, NULL, NULL, NULL, 1, 0, NULL, '', '2026-05-19 12:40:34', NULL),
(154, '2026-05-19', '2026-05-19', 4, 3, 29, NULL, 'Tari', '150.00', '0.000', 'weight', 0, 0, '3000.00', '3000.00', '0.00', '0.00', 'Cash', NULL, NULL, NULL, NULL, 1, 0, NULL, '', '2026-05-19 14:15:18', NULL),
(155, '2026-05-19', '2026-05-19', 4, 3, 29, NULL, 'Tari', '390.00', '0.000', 'weight', 0, 0, '9000.00', '9000.00', '0.00', '0.00', 'Cash', NULL, NULL, NULL, NULL, 1, 0, NULL, '', '2026-05-19 18:14:32', NULL),
(156, '2026-05-19', '2026-05-19', 31, 6, 30, NULL, 'Tari', '320.00', '0.000', 'weight', 0, 0, '10000.00', '0.00', '0.00', '0.00', 'Debt', NULL, NULL, NULL, NULL, 0, 0, 'Monthly', '', '2026-05-19 18:15:03', NULL),
(157, '2026-05-19', '2026-05-19', 22, 12, 27, NULL, 'Tari', '500.00', '0.000', 'weight', 0, 0, '45000.00', '0.00', '0.00', '0.00', 'Debt', NULL, NULL, NULL, NULL, 0, 0, 'Monthly', '', '2026-05-19 18:16:23', NULL),
(158, '2026-05-20', '2026-05-20', 19, 13, 32, NULL, 'Tari', '500.00', '0.000', 'weight', 0, 0, '35000.00', '0.00', '0.00', '0.00', 'Debt', NULL, NULL, NULL, NULL, 0, 0, 'Monthly', '', '2026-05-20 09:33:56', NULL),
(159, '2026-05-20', '2026-05-20', 20, 13, 32, NULL, 'Tari', '500.00', '0.000', 'weight', 0, 0, '40000.00', '0.00', '0.00', '0.00', 'Debt', NULL, NULL, NULL, NULL, 0, 0, 'Monthly', '', '2026-05-20 09:34:09', NULL),
(160, '2026-05-20', '2026-05-20', 21, 13, 32, NULL, 'Tari', '500.00', '0.000', 'weight', 0, 0, '40000.00', '0.00', '0.00', '0.00', 'Debt', NULL, NULL, NULL, NULL, 0, 0, 'Monthly', '', '2026-05-20 09:34:23', NULL),
(161, '2026-05-20', '2026-05-20', 21, 14, 33, NULL, 'Tari', '600.00', '0.000', 'weight', 0, 0, '55000.00', '0.00', '0.00', '0.00', 'Debt', NULL, NULL, NULL, NULL, 0, 0, 'Monthly', '', '2026-05-20 09:36:25', NULL),
(162, '2026-05-20', '2026-05-20', 28, 5, 31, NULL, 'Tari', '650.00', '0.000', 'weight', 0, 0, '60000.00', '60000.00', '0.00', '0.00', 'Cash', NULL, NULL, NULL, NULL, 1, 0, NULL, '', '2026-05-20 20:54:32', NULL),
(163, '2026-05-20', '2026-05-20', 3, 5, 31, NULL, 'Tari', '600.00', '0.000', 'weight', 0, 0, '60000.00', '0.00', '0.00', '0.00', 'Debt', NULL, NULL, NULL, NULL, 0, 0, 'Yearly', '', '2026-05-20 20:56:12', NULL),
(164, '2026-05-20', '2026-05-20', 4, 5, 31, NULL, 'Tari', '410.00', '0.000', 'weight', 0, 0, '36000.00', '36000.00', '0.00', '0.00', 'Cash', NULL, NULL, NULL, NULL, 1, 0, NULL, '', '2026-05-20 20:57:23', NULL),
(165, '2026-05-20', '2026-05-20', 5, 5, 31, NULL, 'Tari', '735.00', '0.000', 'weight', 0, 0, '73000.00', '0.00', '0.00', '0.00', 'Debt', NULL, NULL, NULL, NULL, 0, 0, 'Yearly', '', '2026-05-20 20:58:43', NULL),
(166, '2026-05-20', '2026-05-20', 1, 5, 31, NULL, 'Tari', '1500.00', '0.000', 'weight', 0, 0, '150000.00', '0.00', '0.00', '0.00', 'Debt', NULL, NULL, NULL, NULL, 0, 0, 'Monthly', '', '2026-05-20 20:59:43', NULL),
(167, '2026-05-21', '2026-05-21', 4, 5, 31, NULL, 'Tari', '400.00', '0.000', 'weight', 0, 0, '35000.00', '35000.00', '0.00', '0.00', 'Cash', NULL, NULL, NULL, NULL, 1, 0, NULL, '', '2026-05-20 21:00:39', NULL),
(168, '2026-05-21', '2026-05-21', 22, 5, 31, NULL, 'Tari', '200.00', '0.000', 'weight', 0, 0, '20000.00', '0.00', '0.00', '0.00', 'Debt', NULL, NULL, NULL, NULL, 0, 0, 'Monthly', '', '2026-05-20 21:02:05', NULL),
(169, '2026-05-21', '2026-05-22', 17, 5, 31, NULL, 'Tari', '400.00', '0.000', 'weight', 0, 0, '35000.00', '0.00', '0.00', '0.00', 'Debt', NULL, NULL, NULL, NULL, 0, 0, 'Deferred', '', '2026-05-20 21:02:51', NULL),
(170, '2026-05-21', '2026-05-21', 5, 5, 31, NULL, 'Tari', '165.00', '0.000', 'weight', 0, 0, '16000.00', '0.00', '0.00', '0.00', 'Debt', NULL, NULL, NULL, NULL, 0, 0, 'Yearly', '', '2026-05-20 21:03:39', NULL),
(171, '2026-05-21', '2026-05-21', 7, 5, 31, NULL, 'Tari', '150.00', '0.000', 'weight', 0, 0, '15000.00', '15000.00', '0.00', '0.00', 'Cash', NULL, NULL, NULL, NULL, 1, 0, NULL, '', '2026-05-20 21:05:02', NULL),
(172, '2026-05-21', '2026-05-21', 13, 5, 31, NULL, 'Tari', '525.00', '0.000', 'weight', 0, 0, '52000.00', '0.00', '0.00', '0.00', 'Debt', NULL, NULL, NULL, NULL, 0, 0, 'Yearly', '', '2026-05-20 21:06:02', NULL),
(173, '2026-05-21', '2026-05-21', 4, 5, 31, NULL, 'Tari', '100.00', '0.000', 'weight', 0, 0, '8000.00', '8000.00', '0.00', '0.00', 'Cash', NULL, NULL, NULL, NULL, 1, 0, NULL, '', '2026-05-20 21:06:52', NULL),
(174, '2026-05-21', '2026-05-21', 4, 1, 36, NULL, 'Tari', '1000.00', '0.000', 'weight', 0, 0, '65000.00', '65000.00', '0.00', '0.00', 'Cash', NULL, NULL, NULL, NULL, 1, 0, NULL, '', '2026-05-20 21:09:29', NULL),
(175, '2026-05-21', '2026-05-21', 57, 1, 36, NULL, 'Tari', '2000.00', '0.000', 'weight', 0, 0, '120000.00', '0.00', '0.00', '0.00', 'Debt', NULL, NULL, NULL, NULL, 0, 0, 'Monthly', '', '2026-05-20 21:13:03', NULL),
(176, '2026-05-21', '2026-05-21', 56, 1, 36, NULL, 'Tari', '350.00', '0.000', 'weight', 0, 0, '21000.00', '0.00', '0.00', '0.00', 'Debt', NULL, NULL, NULL, NULL, 0, 0, 'Monthly', '', '2026-05-20 21:15:24', NULL),
(177, '2026-05-21', '2026-05-21', 45, 2, 34, NULL, 'Tari', '400.00', '0.000', 'weight', 0, 0, '400.00', '0.00', '0.00', '0.00', 'Debt', NULL, NULL, NULL, NULL, 0, 0, 'Yearly', '', '2026-05-20 21:17:15', NULL),
(178, '2026-05-21', '2026-05-21', 58, 15, 37, NULL, 'Tari', '600.00', '0.000', 'weight', 0, 0, '20000.00', '20000.00', '0.00', '0.00', 'Internal Transfer', 'محمد الحسني', 'محمد القادري', '5632980', 'جيب', 1, 0, NULL, '', '2026-05-20 21:20:31', NULL),
(179, '2026-05-21', '2026-05-21', 4, 3, 40, NULL, 'Tari', '150.00', '0.000', 'weight', 0, 0, '5000.00', '5000.00', '0.00', '0.00', 'Cash', NULL, NULL, NULL, NULL, 1, 0, NULL, '', '2026-05-20 21:25:48', NULL),
(180, '2026-05-21', '2026-05-21', 4, 3, 40, NULL, 'Tari', '500.00', '0.000', 'weight', 0, 0, '15000.00', '15000.00', '0.00', '0.00', 'Cash', NULL, NULL, NULL, NULL, 1, 0, NULL, '', '2026-05-20 21:26:20', NULL),
(181, '2026-05-21', '2026-05-21', 4, 3, 40, NULL, 'Tari', '260.00', '0.000', 'weight', 0, 0, '10000.00', '10000.00', '0.00', '0.00', 'Cash', NULL, NULL, NULL, NULL, 1, 0, NULL, '', '2026-05-20 21:26:48', NULL),
(182, '2026-05-21', '2026-05-21', 4, 3, 40, NULL, 'Tari', '600.00', '0.000', 'weight', 0, 0, '15000.00', '15000.00', '0.00', '0.00', 'Cash', NULL, NULL, NULL, NULL, 1, 0, NULL, '', '2026-05-20 21:27:23', NULL),
(183, '2026-05-21', '2026-05-21', 39, 3, 40, NULL, 'Tari', '90.00', '0.000', 'weight', 0, 0, '3000.00', '0.00', '0.00', '0.00', 'Debt', NULL, NULL, NULL, NULL, 0, 0, 'Monthly', '', '2026-05-20 21:27:48', NULL),
(184, '2026-05-21', '2026-05-22', 28, 6, 38, NULL, 'Tari', '50.00', '0.000', 'weight', 0, 0, '2000.00', '0.00', '0.00', '0.00', 'Debt', NULL, NULL, NULL, NULL, 0, 0, 'Deferred', '', '2026-05-20 21:28:54', NULL),
(185, '2026-05-21', '2026-05-21', 30, 6, 38, NULL, 'Tari', '500.00', '0.000', 'weight', 0, 0, '20000.00', '0.00', '0.00', '0.00', 'Debt', NULL, NULL, NULL, NULL, 0, 0, 'Monthly', '', '2026-05-20 21:29:20', NULL),
(186, '2026-05-21', '2026-05-21', 4, 6, 38, NULL, 'Tari', '500.00', '0.000', 'weight', 0, 0, '10000.00', '10000.00', '0.00', '0.00', 'Cash', NULL, NULL, NULL, NULL, 1, 0, NULL, '', '2026-05-20 21:30:34', NULL),
(187, '2026-05-21', '2026-05-21', 31, 6, 38, NULL, 'Tari', '400.00', '0.000', 'weight', 0, 0, '12000.00', '0.00', '0.00', '0.00', 'Debt', NULL, NULL, NULL, NULL, 0, 0, 'Monthly', '', '2026-05-20 21:31:28', NULL),
(188, '2026-05-21', '2026-05-22', 17, 8, 35, NULL, 'Tari', '510.00', '0.000', 'weight', 0, 0, '20000.00', '0.00', '0.00', '0.00', 'Debt', NULL, NULL, NULL, NULL, 0, 0, 'Deferred', '', '2026-05-20 21:32:17', NULL),
(189, '2026-05-21', '2026-05-21', 4, 8, 35, NULL, 'Tari', '860.00', '0.000', 'weight', 0, 0, '40000.00', '40000.00', '0.00', '0.00', 'Cash', NULL, NULL, NULL, NULL, 1, 0, NULL, '', '2026-05-20 21:32:47', NULL),
(190, '2026-05-21', '2026-05-21', 4, 8, 35, NULL, 'Tari', '310.00', '0.000', 'weight', 0, 0, '10000.00', '10000.00', '0.00', '0.00', 'Cash', NULL, NULL, NULL, NULL, 1, 0, NULL, '', '2026-05-20 21:33:22', NULL),
(191, '2026-05-21', '2026-05-21', 55, 8, 35, NULL, 'Tari', '530.00', '0.000', 'weight', 0, 0, '25000.00', '0.00', '0.00', '0.00', 'Debt', NULL, NULL, NULL, NULL, 0, 0, 'Monthly', '', '2026-05-20 21:34:06', NULL),
(192, '2026-05-21', '2026-05-21', 4, 8, 35, NULL, 'Tari', '210.00', '0.000', 'weight', 0, 0, '5000.00', '5000.00', '0.00', '0.00', 'Cash', NULL, NULL, NULL, NULL, 1, 0, NULL, '', '2026-05-20 21:34:32', NULL),
(193, '2026-05-21', '2026-05-21', 4, 8, 35, NULL, 'Tari', '310.00', '0.000', 'weight', 0, 0, '9000.00', '9000.00', '0.00', '0.00', 'Cash', NULL, NULL, NULL, NULL, 1, 0, NULL, '', '2026-05-20 21:35:02', NULL),
(194, '2026-05-21', '2026-05-21', 4, 8, 35, NULL, 'Tari', '220.00', '0.000', 'weight', 0, 0, '7000.00', '7000.00', '0.00', '0.00', 'Cash', NULL, NULL, NULL, NULL, 1, 0, NULL, '', '2026-05-20 21:35:28', NULL),
(195, '2026-05-21', '2026-05-21', 4, 8, 35, NULL, 'Tari', '260.00', '0.000', 'weight', 0, 0, '9000.00', '9000.00', '0.00', '0.00', 'Cash', NULL, NULL, NULL, NULL, 1, 0, NULL, '', '2026-05-20 21:35:56', NULL),
(196, '2026-05-21', '2026-05-21', 4, 8, 35, NULL, 'Tari', '310.00', '0.000', 'weight', 0, 0, '10000.00', '10000.00', '0.00', '0.00', 'Cash', NULL, NULL, NULL, NULL, 1, 0, NULL, '', '2026-05-20 21:36:47', NULL),
(197, '2026-05-21', '2026-05-21', 54, 8, 35, NULL, 'Tari', '500.00', '0.000', 'weight', 0, 0, '20000.00', '0.00', '0.00', '0.00', 'Debt', NULL, NULL, NULL, NULL, 0, 0, 'Monthly', '', '2026-05-20 21:37:10', NULL),
(198, '2026-05-21', '2026-05-21', 4, 8, 35, NULL, 'Tari', '330.00', '0.000', 'weight', 0, 0, '10000.00', '10000.00', '0.00', '0.00', 'Cash', NULL, NULL, NULL, NULL, 1, 0, NULL, '', '2026-05-20 21:38:17', NULL),
(199, '2026-05-22', '2026-05-22', 1, 5, 45, NULL, 'Tari', '1000.00', '0.000', 'weight', 0, 0, '90000.00', '0.00', '0.00', '0.00', 'Debt', NULL, NULL, NULL, NULL, 0, 0, 'Monthly', '', '2026-05-21 22:26:25', NULL),
(200, '2026-05-22', '2026-05-22', 28, 5, 45, NULL, 'Tari', '500.00', '0.000', 'weight', 0, 0, '40000.00', '40000.00', '0.00', '0.00', 'Cash', NULL, NULL, NULL, NULL, 1, 0, NULL, '', '2026-05-21 22:26:55', NULL),
(201, '2026-05-22', '2026-05-22', 17, 5, 41, NULL, 'Tari', '400.00', '0.000', 'weight', 0, 0, '32000.00', '0.00', '0.00', '0.00', 'Debt', NULL, NULL, NULL, NULL, 0, 0, 'Daily', '', '2026-05-21 22:28:02', NULL),
(202, '2026-05-22', '2026-05-22', 54, 5, 41, NULL, 'Tari', '500.00', '0.000', 'weight', 0, 0, '45000.00', '0.00', '0.00', '0.00', 'Debt', NULL, NULL, NULL, NULL, 0, 0, 'Monthly', '', '2026-05-21 22:28:35', NULL),
(203, '2026-05-22', '2026-05-22', 13, 5, 41, NULL, 'Tari', '800.00', '0.000', 'weight', 0, 0, '64.00', '0.00', '0.00', '0.00', 'Debt', NULL, NULL, NULL, NULL, 0, 0, 'Yearly', '', '2026-05-21 22:29:48', NULL),
(204, '2026-05-22', '2026-05-22', 43, 5, 41, NULL, 'Tari', '400.00', '0.000', 'weight', 0, 0, '32000.00', '32000.00', '0.00', '0.00', 'Internal Transfer', 'منذر ', 'محمد القادري', '995632147', 'جيب', 1, 0, NULL, '', '2026-05-21 22:30:51', NULL),
(205, '2026-05-22', '2026-05-22', 7, 5, 41, NULL, 'Tari', '150.00', '0.000', 'weight', 0, 0, '12000.00', '12000.00', '0.00', '0.00', 'Cash', NULL, NULL, NULL, NULL, 1, 0, NULL, '', '2026-05-21 22:31:36', NULL),
(206, '2026-05-22', '2026-05-22', 42, 5, 41, NULL, 'Tari', '600.00', '0.000', 'weight', 0, 0, '48000.00', '0.00', '0.00', '0.00', 'Debt', NULL, NULL, NULL, NULL, 0, 0, 'Monthly', '', '2026-05-21 22:32:42', NULL),
(207, '2026-05-22', '2026-05-22', 28, 5, 41, NULL, 'Tari', '150.00', '0.000', 'weight', 0, 0, '10000.00', '10000.00', '0.00', '0.00', 'Cash', NULL, NULL, NULL, NULL, 1, 0, NULL, '', '2026-05-21 22:35:34', NULL),
(208, '2026-05-22', '2026-05-22', 57, 1, 42, NULL, 'Tari', '2000.00', '0.000', 'weight', 0, 0, '100000.00', '0.00', '0.00', '0.00', 'Debt', NULL, NULL, NULL, NULL, 0, 0, 'Monthly', '', '2026-05-21 22:36:58', NULL),
(209, '2026-05-22', '2026-05-22', 59, 3, 49, NULL, 'Tari', '300.00', '0.000', 'weight', 0, 0, '12000.00', '0.00', '0.00', '0.00', 'Debt', NULL, NULL, NULL, NULL, 0, 0, 'Daily', '', '2026-05-21 22:38:56', NULL),
(210, '2026-05-22', '2026-05-22', 54, 3, 43, NULL, 'Tari', '200.00', '0.000', 'weight', 0, 0, '5000.00', '0.00', '0.00', '0.00', 'Debt', NULL, NULL, NULL, NULL, 0, 0, 'Monthly', '', '2026-05-21 22:40:09', NULL),
(211, '2026-05-22', '2026-05-22', 60, 3, 43, NULL, 'Tari', '600.00', '0.000', 'weight', 0, 0, '12000.00', '0.00', '0.00', '0.00', 'Debt', NULL, NULL, NULL, NULL, 0, 0, 'Daily', '', '2026-05-21 22:41:23', NULL),
(212, '2026-05-22', '2026-05-22', 25, 6, 44, NULL, 'Tari', '500.00', '0.000', 'weight', 0, 0, '15000.00', '0.00', '0.00', '0.00', 'Debt', NULL, NULL, NULL, NULL, 0, 0, 'Monthly', '', '2026-05-21 22:42:25', NULL),
(213, '2026-05-22', '2026-05-22', 55, 6, 44, NULL, 'Tari', '500.00', '0.000', 'weight', 0, 0, '15000.00', '0.00', '0.00', '0.00', 'Debt', NULL, NULL, NULL, NULL, 0, 0, 'Monthly', '', '2026-05-21 22:42:56', NULL),
(214, '2026-05-22', '2026-05-22', 31, 6, 44, NULL, 'Tari', '400.00', '0.000', 'weight', 0, 0, '12000.00', '0.00', '0.00', '0.00', 'Debt', NULL, NULL, NULL, NULL, 0, 0, 'Monthly', '', '2026-05-21 22:43:27', NULL),
(215, '2026-05-22', '2026-05-22', 59, 6, 44, NULL, 'Tari', '200.00', '0.000', 'weight', 0, 0, '4000.00', '0.00', '0.00', '0.00', 'Debt', NULL, NULL, NULL, NULL, 0, 0, 'Daily', '', '2026-05-21 22:44:01', NULL),
(216, '2026-05-22', '2026-05-22', 59, 6, 47, NULL, 'Tari', '1200.00', '0.000', 'weight', 0, 0, '48000.00', '0.00', '0.00', '0.00', 'Debt', NULL, NULL, NULL, NULL, 0, 0, 'Daily', '', '2026-05-21 22:45:37', NULL),
(217, '2026-05-22', '2026-05-22', 25, 15, 37, 70, 'Leftover1', '500.00', '0.000', 'weight', 0, 0, '10000.00', '0.00', '0.00', '0.00', 'Debt', NULL, NULL, NULL, NULL, 0, 0, 'Daily', '', '2026-05-21 23:01:50', NULL);

-- --------------------------------------------------------

--
-- Table structure for table `staff`
--

CREATE TABLE `staff` (
  `id` int(11) NOT NULL,
  `name` varchar(100) NOT NULL,
  `role` varchar(50) DEFAULT NULL,
  `daily_salary` decimal(10,2) DEFAULT 0.00,
  `withdrawal_limit` decimal(10,2) DEFAULT NULL,
  `base_salary` decimal(10,2) DEFAULT 0.00,
  `created_at` timestamp NOT NULL DEFAULT current_timestamp(),
  `created_by` int(11) DEFAULT NULL,
  `is_active` tinyint(1) DEFAULT 1,
  `join_date` date DEFAULT NULL
) ENGINE=InnoDB DEFAULT CHARSET=utf8mb4 COLLATE=utf8mb4_general_ci;

-- --------------------------------------------------------

--
-- Table structure for table `staff_attendance`
--

CREATE TABLE `staff_attendance` (
  `id` int(11) NOT NULL,
  `staff_id` int(11) NOT NULL,
  `work_date` date NOT NULL,
  `status` enum('Present','Absent') DEFAULT 'Present',
  `created_at` datetime DEFAULT current_timestamp()
) ENGINE=InnoDB DEFAULT CHARSET=utf8mb4 COLLATE=utf8mb4_general_ci;

-- --------------------------------------------------------

--
-- Table structure for table `unknown_transfers`
--

CREATE TABLE `unknown_transfers` (
  `id` int(11) NOT NULL,
  `transfer_date` date NOT NULL,
  `receipt_number` varchar(100) DEFAULT NULL,
  `sender_name` varchar(100) NOT NULL,
  `receiver_name` varchar(255) DEFAULT NULL,
  `amount` decimal(10,2) DEFAULT 0.00,
  `notes` text DEFAULT NULL,
  `created_at` timestamp NOT NULL DEFAULT current_timestamp(),
  `currency` varchar(5) DEFAULT 'YER'
) ENGINE=InnoDB DEFAULT CHARSET=utf8mb4 COLLATE=utf8mb4_general_ci;

-- --------------------------------------------------------

--
-- Table structure for table `users`
--

CREATE TABLE `users` (
  `id` int(11) NOT NULL,
  `username` varchar(50) NOT NULL,
  `display_name` varchar(255) DEFAULT NULL,
  `phone` varchar(20) DEFAULT NULL,
  `password` varchar(255) NOT NULL,
  `role` enum('admin','super_admin','user') NOT NULL,
  `sub_role` varchar(50) DEFAULT 'full',
  `created_at` timestamp NOT NULL DEFAULT current_timestamp()
) ENGINE=InnoDB DEFAULT CHARSET=utf8mb4 COLLATE=utf8mb4_general_ci;

--
-- Dumping data for table `users`
--

INSERT INTO `users` (`id`, `username`, `display_name`, `phone`, `password`, `role`, `sub_role`, `created_at`) VALUES
(21, 'super', 'أيهم', '', '$2y$10$S7a3KLk1GzQLt4V44FRstuB4no5PY9laVURGrVFkLQ4Mxi5SRO0kC', 'super_admin', 'verifier', '2026-03-07 09:22:29'),
(22, 'sales', 'عبدالله النهاري', 'partner', '$2y$10$6fCxtkgdFbnF.yvdzRZdremFyyOhgqLGK4BB72oE.bVSARJEcoErG', 'super_admin', 'seller', '2026-03-07 09:25:00'),
(23, 'accountant', 'عبده الابيض', '', '$2y$10$4bVHNY6siV.J0KNFndPYK.XjczeZtEhjKZExBBXOXBSWJC8An6xDm', 'super_admin', 'accountant', '2026-03-07 09:32:27'),
(24, 'partner', 'بن فارع', 'superadmin', '$2y$10$YjboWjqzqplAh57oitiAg.LxcCpouY1C6HQcXdgfbW5ONSKqO6WBK', 'super_admin', 'partner', '2026-03-07 09:37:07'),
(31, 'admin', 'admin', NULL, '$2y$10$vGb1uLT757sQZAHXVAlyvOYa0frk7OeKFHJz6ZdDv5rcYbKuKAZsO', 'admin', 'full', '2026-03-08 19:21:26'),
(32, 'superadmin', 'superadmin', NULL, '$2y$10$vGb1uLT757sQZAHXVAlyvOYa0frk7OeKFHJz6ZdDv5rcYbKuKAZsO', 'super_admin', 'full', '2026-03-08 19:21:26');

--
-- Indexes for dumped tables
--

--
-- Indexes for table `advertisements`
--
ALTER TABLE `advertisements`
  ADD PRIMARY KEY (`id`);

--
-- Indexes for table `attendance`
--
ALTER TABLE `attendance`
  ADD PRIMARY KEY (`id`);

--
-- Indexes for table `closed_shifts`
--
ALTER TABLE `closed_shifts`
  ADD PRIMARY KEY (`id`),
  ADD UNIQUE KEY `closing_date` (`closing_date`);

--
-- Indexes for table `customers`
--
ALTER TABLE `customers`
  ADD PRIMARY KEY (`id`);

--
-- Indexes for table `expenses`
--
ALTER TABLE `expenses`
  ADD PRIMARY KEY (`id`),
  ADD KEY `provider_id` (`provider_id`);

--
-- Indexes for table `leftovers`
--
ALTER TABLE `leftovers`
  ADD PRIMARY KEY (`id`),
  ADD KEY `qat_type_id` (`qat_type_id`);

--
-- Indexes for table `payments`
--
ALTER TABLE `payments`
  ADD PRIMARY KEY (`id`),
  ADD KEY `customer_id` (`customer_id`);

--
-- Indexes for table `providers`
--
ALTER TABLE `providers`
  ADD PRIMARY KEY (`id`);

--
-- Indexes for table `purchases`
--
ALTER TABLE `purchases`
  ADD PRIMARY KEY (`id`),
  ADD KEY `qat_type_id` (`qat_type_id`),
  ADD KEY `idx_purchases_date` (`purchase_date`),
  ADD KEY `fk_original_purchase` (`original_purchase_id`);

--
-- Indexes for table `qat_deposits`
--
ALTER TABLE `qat_deposits`
  ADD PRIMARY KEY (`id`);

--
-- Indexes for table `qat_types`
--
ALTER TABLE `qat_types`
  ADD PRIMARY KEY (`id`);

--
-- Indexes for table `refunds`
--
ALTER TABLE `refunds`
  ADD PRIMARY KEY (`id`),
  ADD KEY `customer_id` (`customer_id`);

--
-- Indexes for table `sales`
--
ALTER TABLE `sales`
  ADD PRIMARY KEY (`id`),
  ADD KEY `customer_id` (`customer_id`),
  ADD KEY `qat_type_id` (`qat_type_id`),
  ADD KEY `idx_sales_date` (`sale_date`),
  ADD KEY `fk_sales_leftover` (`leftover_id`);

--
-- Indexes for table `staff`
--
ALTER TABLE `staff`
  ADD PRIMARY KEY (`id`);

--
-- Indexes for table `staff_attendance`
--
ALTER TABLE `staff_attendance`
  ADD PRIMARY KEY (`id`),
  ADD UNIQUE KEY `unique_staff_date` (`staff_id`,`work_date`);

--
-- Indexes for table `unknown_transfers`
--
ALTER TABLE `unknown_transfers`
  ADD PRIMARY KEY (`id`);

--
-- Indexes for table `users`
--
ALTER TABLE `users`
  ADD PRIMARY KEY (`id`),
  ADD UNIQUE KEY `username` (`username`);

--
-- AUTO_INCREMENT for dumped tables
--

--
-- AUTO_INCREMENT for table `advertisements`
--
ALTER TABLE `advertisements`
  MODIFY `id` int(11) NOT NULL AUTO_INCREMENT;

--
-- AUTO_INCREMENT for table `attendance`
--
ALTER TABLE `attendance`
  MODIFY `id` int(11) NOT NULL AUTO_INCREMENT;

--
-- AUTO_INCREMENT for table `closed_shifts`
--
ALTER TABLE `closed_shifts`
  MODIFY `id` int(11) NOT NULL AUTO_INCREMENT, AUTO_INCREMENT=2;

--
-- AUTO_INCREMENT for table `customers`
--
ALTER TABLE `customers`
  MODIFY `id` int(11) NOT NULL AUTO_INCREMENT, AUTO_INCREMENT=61;

--
-- AUTO_INCREMENT for table `expenses`
--
ALTER TABLE `expenses`
  MODIFY `id` int(11) NOT NULL AUTO_INCREMENT, AUTO_INCREMENT=190;

--
-- AUTO_INCREMENT for table `leftovers`
--
ALTER TABLE `leftovers`
  MODIFY `id` int(11) NOT NULL AUTO_INCREMENT, AUTO_INCREMENT=86;

--
-- AUTO_INCREMENT for table `payments`
--
ALTER TABLE `payments`
  MODIFY `id` int(11) NOT NULL AUTO_INCREMENT;

--
-- AUTO_INCREMENT for table `providers`
--
ALTER TABLE `providers`
  MODIFY `id` int(11) NOT NULL AUTO_INCREMENT, AUTO_INCREMENT=10;

--
-- AUTO_INCREMENT for table `purchases`
--
ALTER TABLE `purchases`
  MODIFY `id` int(11) NOT NULL AUTO_INCREMENT, AUTO_INCREMENT=58;

--
-- AUTO_INCREMENT for table `qat_deposits`
--
ALTER TABLE `qat_deposits`
  MODIFY `id` int(11) NOT NULL AUTO_INCREMENT;

--
-- AUTO_INCREMENT for table `qat_types`
--
ALTER TABLE `qat_types`
  MODIFY `id` int(11) NOT NULL AUTO_INCREMENT, AUTO_INCREMENT=18;

--
-- AUTO_INCREMENT for table `refunds`
--
ALTER TABLE `refunds`
  MODIFY `id` int(11) NOT NULL AUTO_INCREMENT, AUTO_INCREMENT=5;

--
-- AUTO_INCREMENT for table `sales`
--
ALTER TABLE `sales`
  MODIFY `id` int(11) NOT NULL AUTO_INCREMENT, AUTO_INCREMENT=218;

--
-- AUTO_INCREMENT for table `staff`
--
ALTER TABLE `staff`
  MODIFY `id` int(11) NOT NULL AUTO_INCREMENT, AUTO_INCREMENT=5;

--
-- AUTO_INCREMENT for table `staff_attendance`
--
ALTER TABLE `staff_attendance`
  MODIFY `id` int(11) NOT NULL AUTO_INCREMENT;

--
-- AUTO_INCREMENT for table `unknown_transfers`
--
ALTER TABLE `unknown_transfers`
  MODIFY `id` int(11) NOT NULL AUTO_INCREMENT;

--
-- AUTO_INCREMENT for table `users`
--
ALTER TABLE `users`
  MODIFY `id` int(11) NOT NULL AUTO_INCREMENT, AUTO_INCREMENT=35;

--
-- Constraints for dumped tables
--

--
-- Constraints for table `expenses`
--
ALTER TABLE `expenses`
  ADD CONSTRAINT `fk_expense_provider` FOREIGN KEY (`provider_id`) REFERENCES `providers` (`id`) ON DELETE SET NULL;

--
-- Constraints for table `leftovers`
--
ALTER TABLE `leftovers`
  ADD CONSTRAINT `leftovers_ibfk_1` FOREIGN KEY (`qat_type_id`) REFERENCES `qat_types` (`id`);

--
-- Constraints for table `payments`
--
ALTER TABLE `payments`
  ADD CONSTRAINT `payments_ibfk_1` FOREIGN KEY (`customer_id`) REFERENCES `customers` (`id`);

--
-- Constraints for table `purchases`
--
ALTER TABLE `purchases`
  ADD CONSTRAINT `fk_original_purchase` FOREIGN KEY (`original_purchase_id`) REFERENCES `purchases` (`id`) ON DELETE SET NULL,
  ADD CONSTRAINT `purchases_ibfk_1` FOREIGN KEY (`qat_type_id`) REFERENCES `qat_types` (`id`);

--
-- Constraints for table `refunds`
--
ALTER TABLE `refunds`
  ADD CONSTRAINT `refunds_ibfk_1` FOREIGN KEY (`customer_id`) REFERENCES `customers` (`id`);

--
-- Constraints for table `sales`
--
ALTER TABLE `sales`
  ADD CONSTRAINT `fk_sales_leftover` FOREIGN KEY (`leftover_id`) REFERENCES `leftovers` (`id`),
  ADD CONSTRAINT `sales_ibfk_1` FOREIGN KEY (`customer_id`) REFERENCES `customers` (`id`),
  ADD CONSTRAINT `sales_ibfk_2` FOREIGN KEY (`qat_type_id`) REFERENCES `qat_types` (`id`);

--
-- Constraints for table `staff_attendance`
--
ALTER TABLE `staff_attendance`
  ADD CONSTRAINT `staff_attendance_ibfk_1` FOREIGN KEY (`staff_id`) REFERENCES `staff` (`id`) ON DELETE CASCADE;
COMMIT;

/*!40101 SET CHARACTER_SET_CLIENT=@OLD_CHARACTER_SET_CLIENT */;
/*!40101 SET CHARACTER_SET_RESULTS=@OLD_CHARACTER_SET_RESULTS */;
/*!40101 SET COLLATION_CONNECTION=@OLD_COLLATION_CONNECTION */;
